"CompanyName","Ticker","CP","StartP","MinP","MaxP","Vol","MA","Shares","EV","EPS","ebitda","returnOnAssets","returnOnEquity","freeCashflow","Debt","Assets","Equity","Cash","CFOpeAct","CapExp","FCF","netIncome","Sales","MCap","Debts","ROA","FCFyield","PER","Pr6m","Signal","Quality","N_Quality","Momentum","N_Momentum","Final_rank","N_Final"
"SAF Tehnika","SAF1R.RG",6.09999990463257,3.48206615447998,3.42466926574707,6.19999980926514,1385.73770491803,4.76218060978123,1241769,13398198,0.386,1473913,0.04413,0.11132,2694512,6256701,16675446,10418745,5917504,2210112,-209004,2001108,766142,6707178,7574790.78157568,2.83094295673703,0.04413,0.149356503016301,15.8031085612243,1.75183343279805,"HOLD",119,93.7007874015748,118,92.9133858267717,127,100
"Honkarakenne Oyj B","HONBS.HE",6.65999984741211,3.85999989509583,3.45000004768372,7.78000020980835,19975.4297520661,4.92702480387097,2561064,35841148,0.48,4700000,0.059899997,0.20634001,833000,1.8e+07,32600000,14600000,7e+06,3050000,-950000,2100000,1050000,15150000,17056685.8492126,5.9016393442623,0.059899997,0.0585918732290606,13.8749996821086,1.72538860839704,"HOLD",116,91.3385826771654,117,92.1259842519685,126,99.2125984251969
"Ponsse Oyj 1","PON1V.HE",38.2999992370605,24,23.4500007629395,38.2999992370605,6383.86776859504,30.5673553372218,8121054,1063341312,1.15,71689000,0.077010006,0.13254,56309124,218926000,473964000,255038000,123611000,59294000,-7921000,51373000,17636000,205202000,311036362.004128,3.69221169089621,0.077010006,0.0483128036315775,33.3043471626614,1.59583330154419,"HOLD",122.5,96.4566929133858,110,86.6141732283465,125,98.4251968503937
"Etteplan Oyj","ETTE.HE",16.7000007629395,9.47999954223633,9.47999954223633,16.7000007629395,7565.23140495868,12.9731404879862,4411980,456134176,0.687,27916000,0.06651,0.20849001,32392876,130844000,217918000,87074000,24407000,17512000,-267000,17245000,5691000,70294000,73680069.3660736,7.47167656464139,0.06651,0.0378068579540069,24.3085891745844,1.76160354106936,"HOLD",111,87.4015748031496,119,93.7007874015748,123.5,97.244094488189
"Merko Ehitus","MRK1T.TL",13.5500001907349,8.76000022888184,8.76000022888184,13.5500001907349,6848.60655737705,10.3593441931928,4335438,226504992,1.299,28217000,0.05909,0.15413,56223876,99480000,256915000,153228000,47480000,45529000,-1839000,43690000,9923000,106438000,58745185.7269192,2.18498100112017,0.05909,0.192887581038391,10.4311009936373,1.54680363432644,"HOLD",125,98.4251968503937,105,82.6771653543307,123.5,97.244094488189
"Rapala VMC Oyj","RAP1V.HE",7.11999988555908,2.70000004768372,2.70000004768372,696,31239.9669421488,16.0763636325016,22287948,332560288,0.04,23100000,0.03401,0.02377,46675000,129900000,272900000,137800000,27900000,14550000,-1300000,13250000,3350000,72300000,158690187.209347,8.92783505154639,0.03401,0.0398423999440366,177.999997138977,2.63703694807976,"HOLD",93.5,73.6220472440945,126,99.2125984251969,122,96.0629921259843
"Harvia Oyj","HARVIA.HE",31,18.0615482330322,16.4500007629395,32.2000007629395,45841.8512396694,23.6456283537809,13278611,613188288,0.82,27672000,0.10572,0.23167999,19666376,96766000,165625000,66436000,27321000,10734000,-848000,9886000,5843000,35249000,411636941,9.01490590646544,0.10572,0.0161222909723938,37.8048780487805,1.71635341555632,"HOLD",104,81.8897637795276,115,90.5511811023622,121,95.2755905511811
"eQ Oyj","EQV1V.HE",18.7000007629395,12.6345176696777,12.5862941741943,19.1499996185303,9134.78512396694,15.9967672805156,8072978,698289088,0.6,31136000,0.2175,0.37102002,21613124,23931000,91476000,67545000,80000,13116000,-4000,13112000,9214000,20257000,150964694.759193,1.82456541628545,0.2175,0.0187773233540777,31.1666679382324,1.48007238992737,"HOLD",121,95.2755905511811,97,76.3779527559055,120,94.488188976378
"Verkkokauppa.com Oyj","VERK.HE",9.0600004196167,5.13906669616699,4.8796501159668,9.6226692199707,133640.79338843,7.01134426337628,18186253,383921824,0.32,20490000,0.07332,0.37924,13562250,133138000,173687000,40549000,43099000,10388000,-324000,10064000,4662000,176009000,164767459.811255,12.8165190604544,0.07332,0.0262136699996508,28.3125013113022,1.76296610946384,"HOLD",95.5,75.1968503937008,120,94.488188976378,119,93.7007874015748
"Fiskars Oyj Abp","FSKRS.HE",15.8800001144409,11.3777780532837,11.3777780532837,15.9288883209229,32597.2231404959,14.3679183455538,9042529,1441968512,0.829,132800000,0.04808,0.08964,157850000,580400000,1.342e+09,757800000,62500000,82500000,-9500000,7.3e+07,24700000,313300000,143595361.554835,7.03515151515152,0.04808,0.050625238618248,19.1556093057188,1.39570310126219,"HOLD",110,86.6141732283465,88,69.2913385826772,118,92.9133858267717
"Tecnotree Oyj","TEM1V.HE",0.637000024318695,0.449999988079071,0.449999988079071,0.759999990463257,583255.380165289,0.6209256200751,111642338,176639472,0.05,18892000,0.26590002,1.15327,4948930,30743000,50650000,19722000,8035000,3210000,-928000,2282000,4281000,14221000,71116172.020996,9.57725856697819,0.26590002,0.012918969775906,12.7400004863739,1.41555564709652,"BUY",106.5,83.8582677165354,91,71.6535433070866,117,92.1259842519685
"Siili Solutions Oyj","SIILI.HE",18.2600002288818,11.5564699172974,10.8680000305176,18.2600002288818,9925.15702479339,13.3525937372003,0,121551768,0.629,7299000,0.056799997,0.20889,15155250,39788000,61363000,21575000,21656000,2874000,-30000,2844000,-49000,19643000,0,13.8441196938065,0.056799997,0.0233974383655201,29.0302070411476,1.58006730078974,"HOLD",87,68.503937007874,108,85.0393700787402,116,91.3385826771654
"Uponor Oyj","UPONOR.HE",19.1800003051758,14.8916501998901,14.1234302520752,19.5600643157959,102597.727272727,17.3426421299454,43875986,1480761600,1.21,1.73e+08,0.09807,0.24258,147750000,446500000,868400000,356800000,1.38e+08,78300000,-14200000,64100000,19900000,280500000,841541424.869888,5.70242656449553,0.09807,0.0432885347648129,15.8512399216329,1.2879701072563,"HOLD",122.5,96.4566929133858,69,54.3307086614173,115,90.5511811023622
"Aspo Oyj","ASPO.HE",8.98999977111816,6.04006671905518,5.77076435089111,9.23999977111816,34882.4628099174,7.87435346398472,19636044,450927584,0.385,35535000,0.03105,0.113970004,59253500,270603000,384100000,113497000,32303000,25065000,-1497000,23568000,6124000,133541000,176528031.065666,10.7960502692998,0.03105,0.0522655983715558,23.3506487561511,1.48839411703128,"HOLD",90,70.8661417322835,98,77.1653543307087,114,89.7637795275591
"Vilkyskiu Pienine","VLP1L.VS",2.74000000953674,1.95000004768372,1.9099999666214,2.79999995231628,4389.60655737705,2.34803280576331,5109335,51370820,0.32,8806000,0.03461,0.11595,7652750,41916000,76845000,34876000,179000,4391000,-409000,3982000,720000,32397000,13999577.9487264,9.54588931906172,0.03461,0.0775148226171979,8.56250002980232,1.40512817565898,"HOLD",98.5,77.5590551181102,89,70.0787401574803,113,88.9763779527559
"Raisio Oyj Vaihto-osake","RAIVV.HE",4.19999980926514,3.09999990463257,3.04999995231628,4.19999980926514,107455.743801653,3.40446281827186,145873616,578172736,0.149,32400000,0.055570003,0.086540006,5400000,45100000,314600000,269500000,21500000,15900000,-5100000,10800000,5600000,53900000,612669159.376816,2.83647798742138,0.055570003,0.0186795387045023,28.1879181829875,1.35483868982988,"HOLD",102,80.3149606299213,81,63.7795275590551,112,88.1889763779528
"SSAB A","SSABAH.HE",4.57999992370605,2.99399995803833,2.45000004768372,4.57999992370605,50196.7685950413,3.24379339296956,683532601,4716645888,0.348,0,-0.0051700003,-0.00856,0,3.4505e+10,8.8601e+10,5.3987e+10,7.051e+09,3.549e+09,-7.21e+08,2.828e+09,3.43e+08,1.6987e+10,3130579260.4306,9.72245703014934,-0.0051700003,0.599578613097698,13.1609193209944,1.5297261148617,"HOLD",78,61.4173228346457,104,81.8897637795276,111,87.4015748031496
"Nokian Renkaat Oyj","TYRES.HE",31.0900001525879,24.883939743042,24.0118389129639,32.003490447998,592202.950413223,28.7118955249629,103163744,4279794944,0.62,245200000,0.03844,0.052259997,337700000,815300000,2336700000,1521400000,504200000,4.29e+08,-31600000,397400000,55900000,413400000,3207360816.70154,1.9004662004662,0.03844,0.092854915994779,50.1451615364321,1.24940023459433,"BUY",117,92.1259842519685,62,48.8188976377953,110,86.6141732283465
"Revenio Group Oyj","REG1V.HE",51.5,37.7727088928223,33.6972351074219,59.5417213439941,62120.2314049587,46.5194826677811,25795989,1364528512,0.502,20054000,0.10092,0.19931999,10486250,44710000,114419000,69710000,28878000,6130000,-440000,5690000,5862000,19811000,1328493433.5,7.29363784665579,0.10092,0.00416993851719531,102.589641434263,1.36341823262208,"HOLD",95.5,75.1968503937008,82,64.5669291338583,109,85.8267716535433
"Solteq Oyj","SOLTEQ.HE",5.3600001335144,1.54583334922791,1.5361111164093,5.54166650772095,75364.8016528926,3.07058307356086,5056572,129975984,0.1,6843000,0.04532,0.077589996,7333000,48172000,74681000,26509000,4877000,2071000,-814000,1257000,622000,16453000,27103226.5951252,23.2602607436021,0.04532,0.00967101737810271,53.600001335144,3.46738549546208,"HOLD",50,39.3700787401575,127,100,108,85.0393700787402
"Cargotec Oyj","CGCBV.HE",45.5200004577637,31.9053955078125,27.2443981170654,46.0999984741211,139083.32231405,35.9519207379049,44376137,3636281088,0.126,272700000,0.030669998,0.00601,149112496,2586600000,3.888e+09,1298700000,484800000,190300000,-46700000,143600000,6500000,872800000,2020001776.55378,13.5922228060956,0.030669998,0.0394908964749427,361.269844902886,1.4267179495273,"HOLD",84,66.1417322834646,92,72.4409448818898,106.5,83.8582677165354
"Qt Group Oyj","QTCOM.HE",93.8000030517578,36.5999984741211,36.5999984741211,94.4000015258789,88810.958677686,61.4851238471417,8108542,2252289280,0.51,19449000,0.19097,0.54791,6221625,31538000,61416000,29878000,22046000,0,0,0,4462000,23819000,760581264.345306,Inf,0.19097,0,183.92157461129,2.56284172028262,"HOLD",51,40.1574803149606,125,98.4251968503937,106.5,83.8582677165354
"Atria Oyj A","ATRAV.HE",11.9399995803833,8.97000026702881,8.90999984741211,11.9399995803833,13771.2148760331,10.3035536915803,9370199,544517248,0.81,88041000,0.02796,0.056500003,69759752,500651000,939535000,422822000,26576000,64921000,-10140000,54781000,6215000,398636000,111880172.128108,7.71169575330017,0.02796,0.100604710321316,14.7407402226954,1.331103592524,"HOLD",98.5,77.5590551181102,76,59.8425196850394,105,82.6771653543307
"Taaleri Oyj","TAALA.HE",9.57999992370605,6.79758405685425,6.41025733947754,9.78000068664551,30466.9917355372,7.64286868828387,13551316,315536832,0.45,21198000,0.048800003,0.10119,28843376,134781000,267990000,134343000,0,9075000,-239000,8836000,5889500,21915000,129821606.246117,14.8519008264463,0.048800003,0.0280030700187799,21.2888887193468,1.40932423101796,"HOLD",84,66.1417322834646,90,70.8661417322835,104,81.8897637795276
"SSAB B","SSABBH.HE",4.08599996566772,2.85199999809265,2.25600004196167,4.12599992752075,589412.909090909,2.93935537338257,683532601,4207907072,0.348,0,-0.0051700003,-0.00856,0,3.4505e+10,8.8601e+10,5.3987e+10,7.051e+09,3.549e+09,-7.21e+08,2.828e+09,3.43e+08,1.6987e+10,2792914184.21877,9.72245703014934,-0.0051700003,0.672068073655406,11.7413792116889,1.43267881079956,"HOLD",79,62.2047244094488,94,74.0157480314961,103,81.1023622047244
"Consti Oyj","CONSTI.HE",13.1999998092651,8.38000011444092,8.38000011444092,13.9499998092651,16451.305785124,10.7824793650099,2330684,105746024,0.69,8942000,0.03972,0.18040001,15273250,95017000,128595000,33578000,24257000,3284000,-297000,2987000,2142000,78098000,30765028.3554573,28.9333130328867,0.03972,0.0282469249151155,19.1304345061814,1.57517895334131,"HOLD",62.5,49.2125984251969,106,83.4645669291339,102,80.3149606299213
"Alma Media Oyj","ALMA.HE",9.10000038146973,7.12951993942261,7.12951993942261,9.4349889755249,15753.5454545455,8.4402779350596,19212330,760485760,1.116,56300000,0.069409996,0.16309999,48037500,129300000,333900000,183600000,4.8e+07,15300000,-1e+05,15200000,6400000,61900000,174832210.328922,8.45098039215686,0.069409996,0.0199872250073427,8.15412220561803,1.27638332717907,"BUY",100,78.740157480315,68,53.5433070866142,100.5,79.1338582677165
"Valmet Oyj","VALMT.HE",31.3600006103516,20.7860641479492,19.340160369873,31.3600006103516,527515.47107438,24.0357343342679,132075277,4847036928,1.54,4.05e+08,0.05617,0.21104999,355592000,2.816e+09,3.959e+09,1.137e+09,2.74e+08,1.14e+08,5e+06,1.19e+08,1e+08,1.167e+09,4141880767.33235,24.7017543859649,0.05617,0.0245510817779352,20.3636367599685,1.50870315742028,"HOLD",69,54.3307086614173,99,77.9527559055118,100.5,79.1338582677165
"Rovio Entertainment Oyj","ROVIO.HE",6.67500019073486,5.8386812210083,4.71612215042114,7.66050672531128,291923.26446281,5.97415914220258,47693915,360295040,0.427,47774000,0.13791001,0.19272,52711376,43031000,208453000,165422000,138874000,17591000,-1084000,16507000,2924000,68493000,318356891.721892,2.4461940765164,0.13791001,0.0458152296517876,15.6323189478568,1.14323764872064,"HOLD",127,100,40,31.496062992126,97.5,76.7716535433071
"Suominen Oyj","SUY1V.HE",5.73999977111816,4.71624183654785,4.47463083267212,5.97261714935303,108275.752066116,5.12215866136157,20927819,372858272,0.52,57217000,0.07832,0.2164,33969876,171499000,317381000,145882000,57877000,17854000,-4411000,13443000,7294000,111085000,120125676.270002,9.60563459168814,0.07832,0.0360539138045461,11.0384610983042,1.21707070376181,"HOLD",113,88.9763779527559,54,42.5196850393701,97.5,76.7716535433071
"Wulff-Yhtiöt Oyj","WUF1V.HE",3.07999992370605,2.33999991416931,2.29999995231628,3.55999994277954,20288.0661157025,2.94462810863148,1974984,30393734,0.32,4257000,0.0641,0.19092,1657625,21093000,35353000,13518000,480000,1439000,-331000,1108000,914000,15314000,6082950.56932068,14.6580958999305,0.0641,0.0364548824438616,9.62499976158142,1.31623933191444,"BUY",92,72.4409448818898,75,59.0551181102362,97.5,76.7716535433071
"PATA Saldus","SMA1R.RG",27,17.7999992370605,17.6000003814697,27,8.37704918032787,21.6983605056513,40476,37297004,3.127,5858599,0.05955,0.17469,2354297,24013183,40161863,16148680,24231,992790,-335963,656827,2016191,15164487,1092852,24.1875754187693,0.05955,0.0176107174721058,8.63447393668052,1.51685399759931,"HOLD",66,51.9685039370079,101,79.5275590551181,97.5,76.7716535433071
"Tikkurila Oyj","TIK1V.HE",33.9000015258789,14.6161708831787,13.3800001144409,34.2999992370605,229048.239669421,24.532443543111,26274755,1507319424,0.97,78032000,0.08931,0.24386999,91303000,260252000,441610000,181358000,91979000,0,0,0,-6823000,113873000,890714234.592094,Inf,0.08931,0,34.9484551813185,2.31934901396735,"HOLD",42.5,33.4645669291339,124,97.6377952755905,94.5,74.4094488188976
"Telia Lietuva","TEL1L.VS",2.03999996185303,1.55499994754791,1.55499994754791,2.07999992370605,28904.3852459016,1.85565572879354,69010526,1320060928,0.096,128534000,0.06751,0.1694,82865752,276941000,608448000,331507000,55941000,32751000,-11786000,20965000,16852000,108603000,140781470.407457,8.45595554334219,0.06751,0.0158818426902186,21.2499996026357,1.31189712582943,"HOLD",93.5,73.6220472440945,73,57.4803149606299,94.5,74.4094488188976
"Tulikivi Oyj A","TULAV.HE",0.296999990940094,0.157000005245209,0.142000004649162,0.46399998664856,346636.272727273,0.229884297764006,38777623,32144872,0.003,3600000,0.020639999,0.025610002,1865000,24700000,32600000,7900000,1300000,1100000,-4e+05,7e+05,3e+05,9300000,11516953.6796784,22.4545454545455,0.020639999,0.0217764127354435,98.9999969800313,1.89171962431611,"HOLD",42.5,33.4645669291339,123,96.8503937007874,93,73.2283464566929
"Metsä Board Oyj A","METSA.HE",9.39999961853027,6.9640417098999,6.55553674697876,9.68741035461426,10187.0578512397,8.27433308688077,173664421,3580219904,0.478,302300000,0.05899,0.124989994,89686912,918700000,2302500000,1383800000,2.14e+08,8.1e+07,-41200000,39800000,49300000,476500000,1632445491.15228,11.341975308642,0.05899,0.0111166355886501,19.6652711684734,1.34979082695146,"HOLD",84,66.1417322834646,79,62.2047244094488,91.5,72.0472440944882
"Linas","LNS1L.VS",0.123999997973442,0.104000002145767,0.096000000834465,0.165000006556511,16591.0655737705,0.111590164484548,5992632,1298734,0.026,751459,0.03305,0.07278,998890,2961577,11762598,8801021,2872683,441905,-2682,439223,434824,4409474,743086.355855584,6.70184089340469,0.03305,0.338193194295368,4.76923069128623,1.19230764822142,"HOLD",114,89.7637795275591,49,38.5826771653543,91.5,72.0472440944882
"Plc Uutechnic Group Oyj","UUTEC.HE",0.589999973773956,0.425999999046326,0.409999996423721,0.605000019073486,31185.0661157025,0.537842977145487,7377996,33228020,0.027,1507000,0.04285,0.13958,1512375,6368000,17726000,11358000,2568000,559500,-159500,4e+05,158000,4039500,4353017.44650435,11.3815907059875,0.04285,0.0120380329613381,21.8518508805169,1.38497646735862,"HOLD",75.5,59.4488188976378,86,67.7165354330709,90,70.8661417322835
"Scanfil Oyj","SCANFL.HE",7.42000007629395,5.40000009536743,5.07999992370605,7.57999992370605,20124.4049586777,6.32247937809337,16738672,496591712,0.57,45196000,0.06297,0.21111,31616028,156315000,339191000,182876000,25845000,9294000,-855000,8439000,3098000,154072000,124200947.517059,16.8189154293092,0.06297,0.0169938398005322,13.0175439934982,1.37407406393556,"HOLD",77,60.6299212598425,84,66.1417322834646,89,70.0787401574803
"Kemira Oyj","KEMIRA.HE",13.1800003051758,10.1680088043213,10.1680088043213,14.189208984375,281227.537190083,12.4931247805761,66089216,2788039936,0.859,380100000,0.04717,0.113290004,136875008,1590400000,2795700000,1192100000,159500000,146400000,-6.6e+07,80400000,22100000,605600000,871055887.048828,10.8633879781421,0.04717,0.0288374635391162,15.3434229396691,1.29622235373896,"BUY",89,70.0787401574803,71,55.9055118110236,87,68.503937007874
"Telia Company","TELIA1.HE",3.70600008964539,2.74025726318359,2.7020001411438,3.74699997901917,1550307.27272727,3.44076339075388,2474431661,15156174848,0.13,0,0.02686,-0.28741,0,1.62729e+11,2.26683e+11,6.2836e+10,8.133e+09,7.995e+09,-4.206e+09,3.789e+09,-2.4488e+10,2.3465e+10,9170243957.48738,20.3538461538462,0.02686,0.249997115894978,28.5076929972722,1.35242779553472,"BUY",80,62.992125984252,80,62.992125984252,87,68.503937007874
"Invalda INVL","IVL1L.VS",8.85000038146973,7.25,7.05000019073486,9.60000038146973,261.704918032787,7.85983601554495,1254736,100230224,0.798,10262000,0.076680005,0.12939,11858125,6329000,80059000,73549000,5534000,1350500,-6500,1344000,-2097500,696000,11104414.0786438,4.6864124398371,0.076680005,0.0134091289669272,11.090226041942,1.22068970778893,"HOLD",105,82.6771653543307,55,43.3070866141732,87,68.503937007874
"United Bankers Oyj","UNIAV.HE",12.5,8.65746307373047,8.46507453918457,13.3999996185303,3330.81818181818,10.7312510072692,0,124679472,0.59,0,0.10808,0.1713,0,19329000,58417000,38797000,0,643500,-352000,291500,1116000,8215000,0,30.037296037296,0.10808,0.00233799514325823,21.1864406779661,1.44384098361667,"HOLD",62.5,49.2125984251969,96,75.5905511811024,85,66.9291338582677
"Pieno Zvaigzdes","PZV1L.VS",1.51999998092651,1.22000002861023,1.20000004768372,1.51999998092651,6560.45901639344,1.34827869055701,7598694,91098000,0.17,14481000,0.07653,0.24746999,4311625,39470000,72910000,33440000,3553000,3746000,-1925000,1821000,1422000,40159000,11550014.7350664,10.5365723438334,0.07653,0.0199894618981756,8.94117635839126,1.24590159449261,"HOLD",97,76.3779527559055,61,48.0314960629921,84,66.1417322834646
"F-Secure Oyj","FSC1V.HE",4.09000015258789,3.36105012893677,3.36105012893677,4.15000009536743,86384.4380165289,3.77202358718746,74372213,635428800,0.08,23970000,0.052810002,0.16247,30222750,155473000,237803000,82330000,51380000,20880000,-2139000,18741000,0,0,304182362.518299,7.44602490421456,0.052810002,0.0294934696066656,51.1250019073486,1.21688162796957,"BUY",101,79.5275590551181,53,41.7322834645669,83,65.3543307086614
"LHV Group","LHV1T.TL",22.810001373291,13.3305196762085,13.2811470031738,24.58740234375,9626.32786885246,19.339370547748,23322715,-757476032,1.29,0,0.0099599995,0.17658001,0,4726131000,4971407000,236794000,2352284000,-360126000,1223000,-358903000,17839000,33174000,531991161.178875,-13.123548424718,0.0099599995,0.473814331857302,17.6821716072023,1.71111118901095,"HOLD",37,29.1338582677165,114,89.7637795275591,82,64.5669291338583
"Harju Elekter","HAE1T.TL",8.30000019073486,4.44000005722046,4.44000005722046,9.07999992370605,11778.5819672131,5.94975410914812,10259150,164045600,0.31,9257000,0.03663,0.07876,757125,42078000,115475000,73547000,2843000,1297000,-2756000,-1459000,1165000,35242000,85150946.9567776,32.4425597532768,0.03663,-0.0088938685341149,26.7741941636608,1.86936938823619,"HOLD",29,22.8346456692913,121,95.2755905511811,80.5,63.3858267716535
"Siguldas CMAS","SCM1R.RG",4.5,4.09999990463257,3.72000002861023,4.80000019073486,72.5081967213115,4.13622949553318,146730,1540692,0.246,177254,0.04498,0.066939995,58162,122199,1728769,1606570,360288,124649,-1205,123444,-24144,336664,660285,0.980344808221486,0.04498,0.0801224384886791,18.2926829268293,1.09756100113941,"BUY",118,92.9133858267717,32,25.1968503937008,80.5,63.3858267716535
"Ekspress Grupp","EEG1T.TL",0.850000023841858,0.634999990463257,0.610000014305115,0.964999973773956,20812.2213114754,0.767622955998436,1452615,41912656,0.08,7045000,0.02029,0.04774,5224000,39558000,94177000,54493000,6269000,2871000,-939000,1932000,1603000,18377000,1234722.78463304,13.7784743991641,0.02029,0.0460958618322828,10.6250002980232,1.33858273481508,"HOLD",71.5,56.2992125984252,78,61.4173228346457,79,62.2047244094488
"Dovre Group Oyj","DOV1V.HE",0.400000005960464,0.277831494808197,0.261999994516373,0.41499999165535,212598.719008264,0.303864723394725,38502815,38427464,0.016,2777000,0.03128,0.06819,2794625,20628000,44497000,23869000,8541000,883000,1500,884500,258000,17159500,15401126.2294947,23.361268403171,0.03128,0.0230173919361423,25.000000372529,1.43972160620813,"HOLD",53,41.7322834645669,95,74.8031496062992,78,61.4173228346457
"Zemaitijos Pienas","ZMP1L.VS",2.01999998092651,1.87000000476837,1.76999998092651,2.07999992370605,813.803278688525,1.91901638761896,5598200,88671800,0.27,17511000,0.06882,0.14471,11185000,35040000,127740000,91176000,17988000,6144000,-451500,5692500,3034500,44208500,11308363.8932228,5.703125,0.06882,0.0641974111273257,7.48148141083894,1.08021389078912,"BUY",120,94.488188976378,25,19.6850393700787,77,60.6299212598425
"Olvi Oyj A","OLVAS.HE",48.0999984741211,42.7121162414551,41.7234077453613,49.4353179931641,6224.31404958678,45.7121392242179,14551997,956589632,1.959,80033000,0.08672,0.15382,29117050,152219000,420351000,264967000,45096000,21419000,-5890000,15529000,2880000,93017000,699951033.495415,7.10672767169336,0.08672,0.016233711385239,24.5533427637167,1.12614411803451,"BUY",106.5,83.8582677165354,38,29.9212598425197,76,59.8425196850394
"Grigeo","GRG1L.VS",1.34500002861023,1.26499998569489,1.22500002384186,1.50499999523163,12604.1475409836,1.31467213884729,24826716,81668752,0.202,24902372,0.075,0.15887,14226801,33685175,123186940,88905851,18274606,10528513,-4505905,6022608,5821996,32850748,33391933.730298,3.19942379327451,0.075,0.0737443373690833,6.65841598321896,1.0632411413597,"BUY",124,97.6377952755905,20,15.748031496063,75,59.0551181102362
"Olainfarm","OLF1R.RG",7.19999980926514,7.13827466964722,7.07999992370605,7.61999988555908,3053.76229508197,7.27113336031554,6488291,89776160,0.687,28179000,0.0766,0.07644,21540500,45057000,172563000,127506000,29991000,10625000,-2209000,8416000,-4867000,22524000,46715693.9624567,4.24065882352941,0.0766,0.093744263510491,10.4803490673437,1.00864706703994,"BUY",126,99.2125984251969,15,11.8110236220472,74,58.2677165354331
"Kamux Oyj","KAMUX.HE",13.6999998092651,10.0454921722412,9.07999992370605,15.3199996948242,140863.008264463,12.6001875774919,21547830,601639872,0.58,32500000,0.104949996,0.26268,737500,95600000,191300000,95700000,11200000,2400000,-2e+05,2200000,5300000,198800000,295205266.890078,39.8333333333333,0.104949996,0.0036566725418092,23.6206893263192,1.36379577768449,"BUY",57,44.8818897637795,83,65.3543307086614,73,57.4803149606299
"Digia Oyj","DIGIA.HE",7.59999990463257,5.98023557662964,5.96062803268433,8.98015689849854,28529.3223140496,6.96698788571949,15188126,213283776,0.39,16527000,0.07495,0.18656,20957000,60341000,121078000,60737000,16410000,2830500,-370000,2460500,2861000,33645500,115429756.151547,21.3181416710828,0.07495,0.0115362736263634,19.4871792426476,1.27085292999708,"HOLD",73.5,57.8740157480315,66,51.9685039370079,72,56.6929133858268
"Latvijas Juras medicinas centr","LJM1R.RG",13.6999998092651,7.25,7,14.5,30.9754098360656,9.16680327008982,279888,9034521,0.338,490280,0.02386,0.04992,172131,1748814,7081324,5332510,1765479,-53217,-25912,-79129,-92285,1825889,3834465.5466156,-32.8619426123231,0.02386,-0.0087585163618525,40.5325438143939,1.88965514610554,"HOLD",14,11.0236220472441,122,96.0629921259843,71,55.9055118110236
"Innofactor Plc","IFA1V.HE",1.98000001907349,1.19858491420746,1.13498651981354,1.98000001907349,126751.429752066,1.37239411744204,18227134,86348688,0.047,7163000,0.02782,0.077259995,5057375,33163000,56607000,23444000,3066000,137000,162000,299000,316000,18251000,36089725.667655,242.065693430657,0.02782,0.0034627046099415,42.1276599802869,1.65194805608139,"HOLD",22,17.3228346456693,113,88.9763779527559,70,55.1181102362205
"Altia Oyj","ALTIA.HE",10.7600002288818,9.34511661529541,8.75629806518555,11.1899995803833,35266.2066115702,10.0405715910856,20651035,385971616,0.493,37500000,0.03768,0.11577,49362500,299300000,455600000,156300000,130700000,22900000,-1650000,21250000,5150000,96550000,222205141.326647,13.0698689956332,0.03768,0.0550558619315675,21.825558273594,1.15140352676505,"BUY",91,71.6535433070866,43,33.8582677165354,69,54.3307086614173
"Tallinna Kaubamaja Grupp","TKM1T.TL",9.16000080108643,7.63959074020386,7.63959074020386,9.16000080108643,13915.6393442623,8.49718639108001,12527487,613590144,0.479,45026000,0.03191,0.087629996,36750500,374277000,597284000,223007000,32757000,27622000,-6165000,21457000,7990000,201253000,114751790.9556,13.5499601766708,0.03191,0.0349695969040859,19.123174950076,1.19901721343282,"BUY",82,64.5669291338583,51,40.1574803149606,68,53.5433070866142
"Nordic Fibreboard","SKN1T.TL",0.689999997615814,0.40200001001358,0.319999992847443,0.699999988079071,6445.39344262295,0.490549181084164,696680,6484819,0.239,659000,0.012949999,0.51265,328750,5002000,7650000,2648000,26000,50000,-52000,-2000,1231000,2072000,480709.198338985,100.04,0.012949999,-0.000308412617221853,2.88702927872726,1.71641786176201,"HOLD",16.5,12.992125984252,116,91.3385826771654,67,52.755905511811
"Keskisuomalainen Oyj A","KSLAV.HE",15.1499996185303,9.95829391479492,9.80000019073486,15.1499996185303,3408.13223140496,11.4569879326939,5375834,201243392,2.025,22008000,0.023340002,0.23599,-11169000,119200000,211600000,92600000,19800000,2250000,-350000,1900000,9450000,52850000,81443883.0492821,52.9777777777778,0.023340002,0.00944130379197743,7.48148129310137,1.52134489583824,"HOLD",28,22.0472440944882,103,81.1023622047244,66,51.9685039370079
"Neste Oyj","NESTE.HE",46.3899993896484,46.0256996154785,43.807071685791,63.6238479614258,1075312.27272727,53.9922542729654,328426766,35358941184,0.928,1.448e+09,0.06757,0.12051,830249984,3.886e+09,9.815e+09,5.925e+09,1.552e+09,1.306e+09,-1.61e+08,1.145e+09,5e+06,1.634e+09,15235717474.2842,2.97549770290965,0.06757,0.0323821913682787,49.9892234802246,1.0079151382209,"HOLD",115,90.5511811023622,14,11.0236220472441,65,51.1811023622047
"Exel Composites Oyj","EXL1V.HE",8.75,6.13118505477905,6.01402854919434,8.77999973297119,13112.3140495868,7.35280304900871,9732807,135264384,0.45,13408000,0.06505,0.19455999,1049625,67920000,96800000,28880000,11974000,0,0,0,1098000,27508000,85162061.25,Inf,0.06505,0,19.4444444444444,1.42713030545044,"HOLD",35,27.5590551181102,93,73.2283464566929,64,50.3937007874016
"Wärtsilä Oyj Abp","WRT1V.HE",8.89999961853027,7.19295454025269,6.65669870376587,9.67239665985107,2443414.34710744,8.20790676637129,389265232,5685338112,0.226,3.29e+08,0.02326,0.05785,627625024,4.044e+09,6.232e+09,2.177e+09,9.19e+08,2.74e+08,1.9e+07,2.93e+08,5.7e+07,1.24e+09,3464460416.3071,14.7591240875912,0.02326,0.051536073005327,39.3805292855322,1.23732182216984,"BUY",71.5,56.2992125984252,56,44.0944881889764,63,49.6062992125984
"Tokmanni Group Oyj","TOKMAN.HE",19.8500003814697,14.3816499710083,12.983699798584,20,186751.859504132,15.6556732871316,25838166,1505053440,1.21,109151000,0.08157,0.35412997,123238872,567706000,785042000,217336000,78080000,0,0,0,33780000,328141000,512887604.956478,Inf,0.08157,0,16.4049589929502,1.38023108763494,"HOLD",41,32.2834645669291,85,66.9291338582677,62,48.8188976377953
"Evli Pankki Oyj","EVLI.HE",16.3500003814697,9.89999961853027,9.81999969482422,17.5,10958.2975206612,13.473223110861,5044541,526209888,0.87,0,0.02736,0.26185,0,677200000,772600000,92400000,6800000,-19500000,-1e+05,-19600000,10900000,2.8e+07,82478247.2743397,-34.7282051282051,0.02736,-0.0372474946726961,18.7931038867468,1.65151525368412,"HOLD",13,10.2362204724409,112,88.1889763779528,60,47.244094488189
"Incap Oyj","ICP1V.HE",24.3999996185303,18.2999992370605,13.5500001907349,25.5,8021.30578512397,19.6029545492377,3267066,147904464,2.019,15941000,0.13951,0.30491,-807500,37785000,76365000,38580000,3899000,252500,-961000,-708500,3252000,30265000,79716409.1537132,149.643564356436,0.13951,-0.00479025433606926,12.0851904995197,1.33333336807557,"HOLD",48,37.7952755905512,77,60.6299212598425,60,47.244094488189
"Latvijas balzams","BAL1R.RG",9,8.94999980926514,8.69999980926514,9.14999961853027,153.893442622951,8.9438524715236,0,1,1.25,9976526,0.02832,0.07238,-12140437,36487804,169982876,133495072,279563,7405972,-522408,6883564,4822497,21338456,0,4.92680825690402,0.02832,6883564,7.2,1.00558661360899,"BUY",112,88.1889763779528,13,10.2362204724409,60,47.244094488189
"Terveystalo Oyj","TTALO.HE",11.9399995803833,10.3837308883667,9.14757251739502,11.9399995803833,110750.272727273,10.3534329784803,68909752,2011939968,0.36,115178800,0.03082,0.082329996,96911752,789600000,1.361e+09,571400000,77100000,66300000,-2600000,63700000,22400000,279700000,822782409.964317,11.9095022624434,0.03082,0.0316609844295314,33.1666655010647,1.14987567655092,"HOLD",81,63.7795275590551,41,32.2834645669291,58,45.6692913385827
"Lassila & Tikanoja Oyj","LAT1V.HE",14,12.6962118148804,12.5601110458374,15.4959888458252,59451.2066115702,13.6675208304539,24566858,669974016,0.5,6.8e+07,0.02997,0.09606,3.6e+07,4.04e+08,596600000,192600000,50200000,4e+07,-16400000,23600000,7700000,199600000,343936012,10.1,0.02997,0.0352252467056872,28,1.10269111795942,"BUY",86,67.7165354330709,33,25.9842519685039,56.5,44.4881889763779
"Orion Oyj A","ORNAV.HE",36.5999984741211,37.3583908081055,33.180778503418,39.5672416687012,7136.67768595041,36.5667200324949,126856526,4955152896,1.56,331600000,0.16258,0.29112,224012496,384300000,1115600000,731300000,294400000,55600000,-7600000,4.8e+07,25500000,255400000,4642948658.0323,6.91187050359712,0.16258,0.0096868857545743,23.461537483411,0.979699544932759,"BUY",108,85.0393700787402,11,8.66141732283465,56.5,44.4881889763779
"Ilkka-Yhtymä Oyj 2","ILK2S.HE",5.17999982833862,3.26999998092651,3.25999999046326,5.17999982833862,20111.958677686,4.16512393360296,25311452,91780128,0.116,1836000,-0.00329,0.02301,-3020875,27378000,157106000,129728000,13019000,-616000,-449000,-1065000,1466000,11462000,131113317.015001,-44.4448051948052,-0.00329,-0.0116038190750834,44.6551709339536,1.58409781607122,"HOLD",6,4.7244094488189,109,85.8267716535433,54,42.5196850393701
"Orion Oyj B","ORNBV.HE",34.4599990844727,37.8344039916992,31.5079307556152,39.1839218139648,383070.487603306,35.7845080194394,126856526,4654561792,1.56,331600000,0.16258,0.29112,224012496,384300000,1115600000,731300000,294400000,55600000,-7600000,4.8e+07,25500000,255400000,4371475769.81938,6.91187050359712,0.16258,0.0103124638032521,22.0897430028671,0.910811204850302,"HOLD",109,85.8267716535433,6,4.7244094488189,54,42.5196850393701
"Trigon Property Development","TPD1T.TL",0.850000023841858,0.519999980926514,0.519999980926514,0.860000014305115,665.434426229508,0.644467213114754,592346,3632321,0.077,0,-0.0052300002,0.15012,-49284,6325,2497679,2491354,146890,-5014,0,-5014,363645,0,503494.114122629,-1.26146788990826,-0.0052300002,-0.00138038460807842,11.0389613485956,1.63461549042245,"HOLD",4,3.1496062992126,111,87.4015748031496,54,42.5196850393701
"Siauliu Bankas","SAB1L.VS",0.529999971389771,0.425999999046326,0.421000003814697,0.544000029563904,699375.762295082,0.491598358652631,350776079,99977920,0.07,0,0.0155,0.12892,0,2673779000,3028845000,355066000,432584000,45551000,-4396000,41155000,8797000,26403000,185911311.834216,58.698579614059,0.0155,0.41164089030858,7.57142816271101,1.2441313910241,"BUY",54,42.5196850393701,60,47.244094488189,52,40.9448818897638
"Kesla Oyj A","KELAS.HE",4.3600001335144,3.77306294441223,3.74373865127563,4.48662185668945,3607.33884297521,4.12644783721482,0,22360116,0.09,1505000,0.0111,0.02359,4663125,18158000,30959000,12801000,3183000,1512000,-145000,1367000,102500,9926000,0,12.0092592592593,0.0111,0.0611356399045515,48.4444459279378,1.1555598721117,"BUY",69,54.3307086614173,44,34.6456692913386,51,40.1574803149606
"Pihlajalinna Oyj","PIHLIS.HE",11.5799999237061,9.68000030517578,8.76000022888184,11.6000003814697,44697.4958677686,9.89917358682175,12833137,461956608,0.386,32366000,0.02553,0.08089,9336000,327147000,442138000,109761000,13306000,18585000,-2078000,16507000,3420000,137182000,148607725.480909,17.6027441485069,0.02553,0.0357327933276365,29.9999998023473,1.19628094613947,"HOLD",60.5,47.6377952755905,50,39.3700787401575,50,39.3700787401575
"Ålandsbanken Abp A","ALBAV.HE",29,19.0714340209961,18.4964160919189,30,804.04958677686,22.7701155764997,11180188,1263846528,2.02,0,0.00541,0.11434,0,5742690000,6035058000,292357000,672255000,-89245000,-1373000,-90618000,9786000,41490000,324225452,-64.3474704465236,0.00541,-0.0717001613664282,14.3564356435644,1.52059881643265,"HOLD",8,6.2992125984252,102,80.3149606299213,48.5,38.1889763779528
"Oma Säästöpankki Oyj","OMASP.HE",12.5,7.93516969680786,7.89588642120361,12.5,21003.694214876,9.99863356598153,18553641,1626373504,1.04,0,0.00786,0.09104,0,4028506000,4381999000,353066000,312994000,-206796000,-4430000,-211226000,9125000,21580000,231920512.5,-19.4805798951624,0.00786,-0.129875455718196,12.0192307692308,1.57526561845659,"HOLD",3,2.36220472440945,107,84.251968503937,48.5,38.1889763779528
"Apetit Oyj","APETIT.HE",13.4499998092651,8.89999961853027,8.84000015258789,14,6184.12396694215,11.1375206639944,5025216,104371256,0.506,8800000,0.01674,0.03282,15937500,47800000,142800000,9.5e+07,1100000,-9550000,-2300000,-11850000,1950000,77050000,67589154.2415161,-5.00523560209424,0.01674,-0.113537006778955,26.5810272910378,1.51123599839954,"HOLD",9,7.08661417322835,100,78.740157480315,46.5,36.6141732283465
"Nordecon","NCN1T.TL",1.32000005245209,1.04210531711578,0.994736790657043,1.32000005245209,19147.6147540984,1.08601813531313,4410218,60155448,0.078,6701000,0.01619,0.117639996,2095875,97800000,135035000,33874000,12576000,2743000,-70000,2673000,1426000,78418000,5821487.99132514,35.6543930003646,0.01619,0.0444348781177725,16.9230775955396,1.2666666514143,"HOLD",44,34.6456692913386,65,51.1811023622047,46.5,36.6141732283465
"Elisa Oyj","ELISA.HE",51.9199981689453,49.4799995422363,42.2400016784668,52.5200004577637,432605.239669422,47.3682645056859,106389500,9519705088,2.049,663400000,0.088649996,0.28109,286962496,1857200000,3041400000,1182700000,220100000,1.62e+08,-63100000,98900000,82200000,498100000,5523742645.19501,11.4641975308642,0.088649996,0.0103889772934949,25.3391889550734,1.04931282638,"HOLD",88,69.2913385826772,19,14.9606299212598,45,35.4330708661417
"Vaisala Oyj A","VAIAS.HE",32.0999984741211,36.3012390136719,29.4334373474121,41.7954788208008,14132.7933884298,36.453927662747,19702270,1167689984,0.91,6.1e+07,0.07693,0.16246,7712500,146300000,351800000,205100000,45400000,24300000,-6600000,17700000,8500000,106900000,632442836.936722,6.02057613168724,0.07693,0.0151581329312832,35.2747235979353,0.884267296276898,"HOLD",103,81.1023622047244,3,2.36220472440945,44,34.6456692913386
"TietoEVRY Oyj","TIETO.HE",26.7399997711182,22.9754505157471,20.8867721557617,27.6798553466797,336430.495867769,25.4663137956099,84462904,4046811648,0.798,266800000,0.02974,0.05704,275524992,1978600000,3604800000,1626200000,252300000,125200000,-17900000,107300000,54500000,715400000,2258538033.62798,15.8035143769968,0.02974,0.0265147007899489,33.5087716430052,1.16385094398001,"BUY",59,46.4566929133858,45,35.4330708661417,43,33.8582677165354
"UPM-Kymmene Oyj","UPM.HE",30.9699993133545,24.9224338531494,22.982421875,31.96217918396,1353135.6446281,28.3839277157114,514609705,17001046016,1.05,1.246e+09,0.0363,0.0577,108500000,5.345e+09,1.4858e+10,9.351e+09,1.72e+09,3.46e+08,-3.13e+08,3.3e+07,1.87e+08,2.188e+09,15937462210.4956,15.4479768786127,0.0363,0.00194105703666369,29.49523744129,1.24265549247073,"HOLD",45,35.4330708661417,58,45.6692913385827,42,33.0708661417323
"Kesko Oyj B","KESKOB.HE",25.5599994659424,22.2199993133545,20.2000007629395,26.0799999237061,1093492.78512397,21.9662810554189,267830663,12450952192,1.09,720300032,0.050780002,0.20111,896049984,4452700000,6641900000,2189200000,154500000,308400000,-203900000,104500000,113700000,2662300000,6845751603.24299,14.4380674448768,0.050780002,0.00839293239493309,23.4495407944426,1.15031504301535,"HOLD",60.5,47.6377952755905,42,33.0708661417323,41,32.2834645669291
"Sievi Capital Oyj","SIEVI.HE",1.28799998760223,0.995999991893768,0.995999991893768,1.28799998760223,638097.694214876,1.10042974722287,35472222,66075472,0.17,11655997,0.08826,0.12737,6573014,6202410,83499825,77297415,8607973,-1836832,-977,-1837809,5997143,7494805,45688221.4962237,-3.376688777199,0.08826,-0.0278137854240375,7.57647051530726,1.29317268884035,"HOLD",31,24.4094488188976,70,55.1181102362205,40,31.496062992126
"Stora Enso Oyj A","STEAV.HE",17.75,13.9528903961182,12.3971672058105,18.5499992370605,6585.06611570248,15.2727555755741,615375948,17077004288,0.79,1.012e+09,0.02066,0.0761,375875008,8.638e+09,1.7431e+10,8.809e+09,1.661e+09,3.82e+08,-2.13e+08,1.69e+08,2.39e+08,2.153e+09,10922923077,22.6125654450262,0.02066,0.00989634933328185,22.4683544303797,1.27213785073079,"HOLD",32,25.1968503937008,67,52.755905511811,39,30.7086614173228
"Ålandsbanken Abp B","ALBBV.HE",26.5,19.0909080505371,18.7090911865234,26.7000007629395,6701.56198347107,21.3167601971587,11180188,1224881408,2.02,0,0.00541,0.11434,0,5742690000,6035058000,292357000,672255000,-89245000,-1373000,-90618000,9786000,41490000,296274982,-64.3474704465236,0.00541,-0.0739810396403698,13.1188118811881,1.38809531374043,"HOLD",7,5.51181102362205,87,68.503937007874,37.5,29.5275590551181
"Talenom Oyj","TNOM.HE",11.3800001144409,9.59591484069824,9.57616996765137,14.9072341918945,48612,11.7953952521332,22355647,520662240,0.22,16103000,0.11784001,0.34369,4616125,52754000,84923000,32169000,9104000,0,0,0,1803000,16463000,254407265.418401,Inf,0.11784001,0,51.7272732474587,1.18592133250037,"HOLD",47,37.007874015748,47,37.007874015748,37.5,29.5275590551181
"Kesko Oyj A","KESKOA.HE",23.5,21.5,19.4400005340576,23.9500007629395,33881.8016528926,20.888429594434,267830663,11633670144,1.09,720300032,0.050780002,0.20111,896049984,4452700000,6641900000,2189200000,154500000,308400000,-203900000,104500000,113700000,2662300000,6294020580.5,14.4380674448768,0.050780002,0.00898254795834101,21.5596330275229,1.09302325581395,"HOLD",64,50.3937007874016,28,22.0472440944882,35,27.5590551181102
"Oriola Oyj A","OKDAV.HE",2.21000003814697,1.97321426868439,1.89428567886353,2.31852674484253,12531.2644628099,2.05848083811358,148038444,528201760,0.06,43400000,0.01195,0.06915,30875000,9.96e+08,1165600000,169600000,168200000,45700000,-4600000,41100000,4100000,466400000,327164966.887218,21.7943107221007,0.01195,0.0778111757900996,36.8333339691162,1.1200000289986,"BUY",55,43.3070866141732,37,29.1338582677165,35,27.5590551181102
"Rokiskio Suris","RSU1L.VS",2.90000009536743,2.61999988555908,2.55999994277954,3.11999988555908,981.737704918033,2.81229512027053,5642729,112905152,0.228,17967000,0.029779999,0.061300002,8730250,40039000,169443000,129404000,3358000,3319000,-1555000,1764000,1067000,51398000,16363914.6381326,12.0635733654715,0.029779999,0.0156237334501795,12.7192986638922,1.10687031375522,"BUY",58,45.6692913385827,34,26.7716535433071,35,27.5590551181102
"Elecster Oyj A","ELEAV.HE",9.80000019073486,7.5,7.09999990463257,11.8000001907349,1800.4132231405,9.14752062884244,1486953,50316536,0.26,4175000,0.027479999,0.03762,935000,23644000,50112000,25446000,6279000,0,0,0,-22000,9403000,14572139.6836138,Inf,0.027479999,0,37.6923084259033,1.30666669209798,"BUY",18,14.1732283464567,72,56.6929133858268,33,25.9842519685039
"Fortum Oyj","FORTUM.HE",22.8600006103516,18.2049999237061,16.0149993896484,23.3299999237061,1979537.75206612,19.8760743574663,410507521,31468410880,2.05,-1.982e+09,-0.045229997,0.12877,-2144875008,4.2233e+10,5.781e+10,1.2953e+10,1.897e+09,1.131e+09,-4.19e+08,7.12e+08,3.75e+08,1.7737e+10,9384202180.61391,37.341290893015,-0.045229997,0.0226258644808949,11.1512198099276,1.25569902258466,"HOLD",24,18.8976377952756,64,50.3937007874016,32,25.1968503937008
"CapMan Oyj","CAPMAN.HE",2.61500000953674,1.99024391174316,1.87902438640594,2.80487823486328,138960.272727273,2.32397303797982,201306947,844090880,0.033,8484000,0.0228,0.05171,-9612250,105502000,218768000,112524000,58002000,-4220000,-69000,-4289000,6838000,13418000,526417668.324813,-25.0004739336493,0.0228,-0.00508120642175402,79.2424245314165,1.31390931237488,"HOLD",12,9.44881889763779,74,58.2677165354331,31,24.4094488188976
"KONE Oyj","KNEBV.HE",69.4199981689453,72.1849822998047,64.2239837646484,74.8849716186523,754578.239669421,68.046189678602,354293546,33889523712,1.81,1489500032,0.08981,0.29649,1274300032,5594800000,8.792e+09,3174600000,457900000,301400000,-30900000,270500000,283100000,2621200000,24595057314.5891,18.5627073656271,0.08981,0.00798181769383257,38.3535901485886,0.961695853586614,"BUY",75.5,59.4488188976378,9,7.08661417322835,30,23.6220472440945
"Sanoma Oyj","SAA1V.HE",14.6599998474121,11.8087511062622,11.3779163360596,17,95503.0330578512,13.7993492016122,72246447,3070517760,1.506,2.11e+08,0.03537,0.37737998,607774976,1338400000,2048300000,690200000,114600000,0,0,0,0,0,1059132901.99607,Inf,0.03537,0,9.73439564901203,1.24145218368079,"BUY",25.5,20.0787401574803,57,44.8818897637795,29,22.8346456692913
"Linas Agro Group","LNA1L.VS",0.774999976158142,0.620000004768372,0.595000028610229,0.814999997615814,28021.2786885246,0.692786884600999,26847848,288755968,0.067,21636000,0.013730001,0.06815,18708876,261860000,446622000,182781000,12699000,3687000,-1210000,2477000,-121000,235625000,20807081.5598974,71.0225115269867,0.013730001,0.00857817768116225,11.5671638232559,1.24999995193174,"HOLD",19,14.9606299212598,63,49.6062992125984,28,22.0472440944882
"Stora Enso Oyj","STERV.HE",16.1350002288818,13.6823768615723,11.9332094192505,16.7999992370605,1801129.37190083,14.8479446221974,615375948,15803383808,0.79,1.012e+09,0.02066,0.0761,375875008,8.638e+09,1.7431e+10,8.809e+09,1.661e+09,3.82e+08,-2.13e+08,1.69e+08,2.39e+08,2.153e+09,9929091061.82838,22.6125654450262,0.02066,0.0106939122692476,20.4240509226352,1.17925418895586,"BUY",33.5,26.3779527559055,46,36.2204724409449,27,21.259842519685
"Ahlstrom-Munksjö Oyj","AM1.HE",17.7600002288818,17.6920108795166,17.6721534729004,18.2877025604248,77690.520661157,17.8417403165959,60301095,2789594880,0.78,305700000,0.02996,0.07821,140950000,1938800000,3123400000,1172900000,308700000,130500000,-41300000,89200000,23100000,689200000,1070947461.00183,14.8567049808429,0.02996,0.0319759692131353,22.769231062669,1.00384294073909,"BUY",67,52.755905511811,12,9.44881889763779,25.5,20.0787401574803
"Vilniaus Baldai","VBL1L.VS",10.8000001907349,9,9,11.1000003814697,142.106557377049,10.1594262123108,479138,81931432,1.374,8789000,0.0403,0.21559,-8315375,58376000,85775000,27399000,1389000,531000,-1048000,-517000,785000,21627000,5174690.49138832,109.935969868173,0.0403,-0.00631015456925005,7.86026214755085,1.20000002119276,"BUY",27,21.259842519685,52,40.9448818897638,25.5,20.0787401574803
"Oriola Oyj B","OKDBV.HE",2.04999995231628,1.91215324401855,1.71305274963379,2.06985640525818,197410.090909091,1.93306155244181,148038444,499191680,0.06,43400000,0.01195,0.06915,30875000,9.96e+08,1165600000,169600000,168200000,45700000,-4600000,41100000,4100000,466400000,303478803.140977,21.7943107221007,0.01195,0.0823331029876139,34.1666658719381,1.07208978084206,"BUY",56,44.0944881889764,22,17.3228346456693,24,18.8976377952756
"Sampo Oyj A","SAMPO.HE",38.6300010681152,35.7099990844727,32.4000015258789,38.7900009155273,1133385.65289256,35.8429753011908,424283260,18776242176,0.067,1.93e+08,0.0011100001,0.00903,1.05e+08,4.4271e+10,5.6529e+10,1.1418e+10,2.16e+09,1.875e+09,-1.6e+08,1.715e+09,-8.02e+08,2.175e+09,16390062786.9834,23.6112,0.0011100001,0.0913388304179487,576.567180121123,1.08176987002255,"BUY",49,38.5826771653543,26,20.4724409448819,23,18.1102362204724
"Caverion Oyj","CAV1V.HE",5.24499988555908,6.22927761077881,5.09133100509644,6.31756687164307,202249.58677686,5.59292244714154,77495425,832808000,0.046,49700000,0.013839999,0.04042,131137504,1095800000,1292400000,196300000,149300000,75200000,5500000,80700000,-3500000,579300000,406463495.256352,14.5718085106383,0.013839999,0.0969010864448949,114.021736642589,0.841991674360991,"HOLD",73.5,57.8740157480315,1,0.78740157480315,22,17.3228346456693
"Huhtamäki Oyj","HUH1V.HE",38.189998626709,42.8199996948242,37.2799987792969,46.4000015258789,207392.578512397,41.600743758777,78305040,4943013888,1.69,449400000,0.05061,0.13114001,217675008,2231300000,3595800000,1284100000,315500000,1.6e+08,-103200000,56800000,3.1e+07,812800000,2990469370.06439,13.945625,0.05061,0.0114909650846605,22.5976323234964,0.891872930847431,"HOLD",69,54.3307086614173,4,3.1496062992126,20.5,16.1417322834646
"Tallinna Vesi","TVEAT.TL",14.1499996185303,12.6499996185303,12.6000003814697,14.3000001907349,4269.95901639344,13.4602457734405,6e+06,327687008,0.837,23020000,0.04088,0.14691,1428625,143410000,255665000,112255000,44514000,5954000,-5568000,386000,5389000,13172000,84899997.7111816,24.0863285186429,0.04088,0.00117795332306858,16.9056148369537,1.11857707867459,"BUY",38,29.9212598425197,35,27.5590551181102,20.5,16.1417322834646
"YIT Oyj","YIT.HE",4.52600002288818,5.02455615997314,4.42357969284058,5.137855052948,435541.090909091,4.75350030394625,93767702,1643312128,0.124,5.7e+07,0.0072600003,-0.00909,394875008,2.265e+09,3.185e+09,9.18e+08,4.19e+08,1.57e+08,-1.3e+07,1.44e+08,3.8e+07,9.75e+08,424392621.398172,14.4267515923567,0.0072600003,0.0876279055855663,36.5000001845821,0.900776084252659,"HOLD",65,51.1811023622047,5,3.93700787401575,18.5,14.5669291338583
"Tallinna Sadam","TSM1T.TL",1.85000002384186,1.72000002861023,1.6599999666214,1.87000000476837,65963.7131147541,1.78422132867282,86616420,674182976,0.11,56641000,0.032449998,0.0758,5750250,252661000,628093000,375432000,26679000,14069000,-7677000,6392000,5723000,25303000,160240379.065096,17.9587035325894,0.032449998,0.00948110561605163,16.818182034926,1.07558139131932,"BUY",46,36.2204724409449,24,18.8976377952756,18.5,14.5669291338583
"LITGRID","LGD1L.VS",0.689999997615814,0.579999983310699,0.560000002384186,0.689999997615814,3044.7131147541,0.61241802573204,12593155,430192992,0.053,50224000,0.0493,0.12864,-15597375,196316000,414353000,218037000,33000,-896000,-25246000,-26142000,8104000,57321000,8689276.91997558,-219.102678571429,0.0493,-0.0607680749945829,13.0188678795437,1.18965520253505,"HOLD",21,16.5354330708661,48,37.7952755905512,17,13.3858267716535
"INVL Baltic Real Estate","INR1L.VS",2.24000000953674,2,1.88999998569489,2.29999995231628,2188.30327868852,2.12639345204244,3210194,23980026,0.412,988000,0.009430001,0.1486,441500,13064000,41935000,28871000,16034000,415000,-25500,389500,2248000,811000,7190834.5906148,31.4795180722892,0.009430001,0.0162426846409591,5.43689322703093,1.12000000476837,"BUY",30,23.6220472440945,36,28.3464566929134,16,12.5984251968504
"Nordea Bank Abp","NDA-FI.HE",8.46700000762939,6.80861186981201,6.27168893814087,8.48400020599365,3894009.36363636,7.18700618980345,2315077233,210906513408,0.55,0,0.00409,0.069409996,0,5.1842e+11,5.5216e+11,3.3731e+10,3.6203e+10,-1.9159e+10,-2.8e+07,-1.9187e+10,7.25e+08,2.185e+09,19601758949.4736,-27.0588235294118,0.00409,-0.0909739566121537,15.3945454684171,1.24357213621918,"HOLD",2,1.5748031496063,59,46.4566929133858,14.5,11.4173228346457
"Silvano Fashion Group","SFG1T.TL",1.5900000333786,1.49500000476837,1.38499999046326,1.6599999666214,20275.7704918033,1.55270491760285,29760656,67410168,0.06,14111000,0.14882,0.08862001,9314500,14438000,42256000,24504000,8980000,-264000,-98000,-362000,1231000,8720000,47319444.0333691,-54.6893939393939,0.14882,-0.0053701097436814,26.50000055631,1.06354516943627,"BUY",40,31.496062992126,21,16.5354330708661,14.5,11.4173228346457
"EAB Group Oyj","EAB.HE",3.63000011444092,3.33999991416931,2.85999989509583,3.6800000667572,3661.37190082645,3.2347933911095,4086734,57470356,0.018,7e+05,0.00551,0.015620001,2137500,13700000,32800000,19100000,0,750000,3e+05,1050000,550000,5e+06,14834844.8876896,18.2666666666667,0.00551,0.0182702887728762,201.666673024495,1.0868264094982,"HOLD",33.5,26.3779527559055,27,21.259842519685,13,10.2362204724409
"Amber Grid","AMG1L.VS",1.01999998092651,0.930000007152557,0.925000011920929,1.05999994277954,2371.87704918033,0.988524576191042,6100682,290896512,0.102,24750000,0.03263,0.12467,-79058624,161541000,316371000,154830000,767000,5911000,-23843000,-17932000,4710000,14119000,6222695.52363873,27.3288783623752,0.03263,-0.0616439154829055,9.99999981300504,1.09677416460406,"BUY",25.5,20.0787401574803,31,24.4094488188976,12,9.44881889763779
"Bittium Oyj","BITTI.HE",6.59000015258789,7.55000019073486,5.23999977111816,7.55000019073486,84334.3305785124,6.3285950392731,24604727,233081968,0.061,7302000,0.00819,0.01925,-9649250,43786000,158033000,114247000,18968000,5103000,-1388000,3715000,681000,22127000,162145154.684383,8.58044287673917,0.00819,0.0159385989052572,108.032789386687,0.872847680278862,"BUY",52,40.9448818897638,2,1.5748031496063,10.5,8.26771653543307
"INVL Baltic Farmland","INL1L.VS",5.69999980926514,5,4.53999996185303,6.15000009536743,67.5409836065574,5.18147541655869,281203,18100508,0.277,0,0.01476,0.06519,393750,1851000,15866000,14015000,302000,0,0,0,628000,205000,1602857.04636478,Inf,0.01476,0,20.5776166399463,1.13999996185303,"HOLD",15,11.8110236220472,39,30.7086614173228,10.5,8.26771653543307
"Klaipedos Nafta","KNF1L.VS",0.31700000166893,0.328999996185303,0.312999993562698,0.337999999523163,169986.06557377,0.319704916633543,65047816,445622720,0.086,31871000,0.01889,0.16219999,35734376,436013000,651629000,215616000,51076000,14110000,-1599000,12511000,8756000,19674000,20620157.7805603,30.9009922041106,0.01889,0.0280753189603977,3.68604653103407,0.96352585211091,"BUY",39,30.7086614173228,10,7.8740157480315,9,7.08661417322835
"VEF","VEF1R.RG",3.5,3.25999999046326,2.01999998092651,4.90000009536743,29.4098360655738,3.77655736931035,215436,11262045,0.034,297310,0.020130001,0.02014,148311,2574232,6087643,3513411,380376,83850,-47891,35959,18946,271497,754026,30.7004412641622,0.020130001,0.00319293698435764,102.941176470588,1.07361963504259,"HOLD",23,18.1102362204724,23,18.1102362204724,8,6.2992125984252
"Ditton pievadkezu rupnica","DPK1R.RG",0.150000005960464,0.159999996423721,0.140000000596046,0.159999996423721,1420.19672131148,0.152385245825424,3227362,5576349,0.011,678269,0.01924,0.06408,284657,6847013,8064162,1217149,21036,144546,-153,144393,71356,1139509,484104.319236577,47.3690935757475,0.01924,0.0258938240773668,13.636364178224,0.937500058207662,"HOLD",36,28.3464566929134,8,6.2992125984252,7,5.51181102362205
"Kauno Energija","KNR1L.VS",0.930000007152557,0.850000023841858,0.779999971389771,0.949999988079071,550.459016393443,0.842295075049166,713512,65464972,0.014,9452000,0.00034000003,0.00678,-8499375,73220000,162891000,89671000,1800000,785000,-5997000,-5212000,3234000,14672000,663566.165103436,93.2738853503185,0.00034000003,-0.0796150955353651,66.4285719394684,1.09411762478442,"HOLD",10,7.8740157480315,29,22.8346456692913,6,4.7244094488189
"Apranga","APG1L.VS",1.70000004768372,1.64999997615814,1.53999996185303,1.79999995231628,19622.6639344262,1.65799182555715,13096454,133169088,0.08,27104000,0.02728,0.07688,16818750,93473000,156700000,63227000,26216000,-124000,-1196000,-1320000,261000,45201000,22263972.4244876,-753.814516129032,0.02728,-0.00991221025708309,21.2500005960464,1.03030307408973,"BUY",16.5,12.992125984252,17,13.3858267716535,5,3.93700787401575
"Aktia Bank Abp","AKTIA.HE",9.93000030517578,9.0608377456665,8.38931465148926,10.2600002288818,157009.380165289,9.31718029463587,44277093,1160023808,0.61,0,0.0042,0.06676,0,9905938000,10572768000,666830000,28274000,-862575000,-4155000,-866730000,15121000,12209000,439671547.002296,-11.484146885778,0.0042,-0.747165699550884,16.2786890248783,1.09592518748335,"BUY",1,0.78740157480315,30,23.6220472440945,4,3.1496062992126
"Kojamo Oyj","KOJAMO.HE",16.7099990844727,17.8465251922607,15.4813222885132,18.1983737945557,659364.165289256,17.0063360072364,199131657,6972582912,1.266,222400000,0.019989999,0.09778,101575000,3.952e+09,7261500000,3309500000,210500000,38400000,0,38400000,154400000,97300000,3327489806.15952,102.916666666667,0.019989999,0.0055072848160633,13.1990514095361,0.936316672543014,"HOLD",20,15.748031496063,7,5.51181102362205,2.5,1.96850393700787
"Latvijas Gaze","GZE1R.RG",10.3000001907349,10.1999998092651,10.1999998092651,10.8999996185303,289.286885245902,10.5098360249254,12663462,390401984,0.28,25703000,0.016590001,0.029460002,25536624,79712000,455549000,375837000,54236000,-3007000,-1829000,-4836000,-6494000,57877000,130433661.015364,-26.5088127702029,0.016590001,-0.0123872321304597,36.7857149669102,1.00980395915095,"HOLD",11,8.66141732283465,16,12.5984251968504,2.5,1.96850393700787
"INVL Technology","INC1L.VS",2.09999990463257,2.01999998092651,1.94000005722046,2.25999999046326,1241.81967213115,2.08032780983409,5212255,23318174,0.129,0,0,0,0,127000,29349000,29222000,1375000,-127000,0,-127000,132000,0,10945735.0029206,-1,0.00449759787386282,-0.00544639558826519,16.2790690281594,1.03960392300071,"BUY",5,3.93700787401575,18,14.1732283464567,1,0.78740157480315
