Ticker;CompanyName;Country;Sector;Industry;CP;StartP;MinP;MaxP;Vol;MA;Shares;EV;EPS;Debt;Assets;Equity;Cash;CFOpeAct;CapExp;FCF;netIncome;Sales;MCap;Debts;ROA;FCFyield;PER;Pr6m;Signal;Quality;Quality;Momentum;Momentum;Final_rank;Final;
DPW.DE;Deutsche Post;Germany;Industrials;Integrated Freight & Logistics;58.8899993896;39.7402267456;39.6525840759;59.3699989319;2662599.96825397;49.5702284253;983019247;85796913152;3.055;4.1105e+10;5.8271e+10;1.6791e+10;5.113e+09;2.49e+09;-7.04e+08;1.786e+09;1.19e+09;1.886e+10;57890002855.8427;16.5080321285;0.0204218222;0.0208165997;19.28;1.481873764;HOLD;208;93.69;217.00;97.75;222.00;100.00;
RMS.PA;Hermès;France;Consumer Cyclical;Luxury Goods;1250;864.3305664063;838.8446044922;1269.5;48447.619047619;1038.4369904049;33909013;130911911936;13.21;3659500000;11050500000;7380100000;4732700000;666450000;-107050000;559400000;525200000;1950700000;42386266250;5.4910345862;0.0475272612;0.0042731024;94.6252838759;1.4462059409;HOLD;199;89.6396396396;213;95.9459459459;221;99.5495495495;
ERF.PA;EUROFINS SCIENT.;Luxembourg;Healthcare;Diagnostics & Research;102.0199966431;77.4200057983;73.1205444336;104.1200027466;332037.944444444;84.1410422552;127272887;20922318848;2.58;4859100000;8575500000;3690300000;912400000;389250000;-98900000;290350000;222350000;1557700000;12984379504.4934;12.4832369942;0.0259285173;0.0138775249;39.54;1.3177472101;HOLD;211.5;95.27;190.00;85.59;220.00;99.10;
SOF.BR;Sofina;Belgium;Financial Services;Asset Management;378.3999938965;269.8727722168;263.9306030273;381.6000061035;19920.2619047619;313.7234610906;30671895;12794027008;40.381;192644000;9093055000;8900411000;232354000;18756500;-116500;18640000;794874500;806776000;11606244880.7936;10.2707861275;0.0874155606;0.0014569299;9.37;1.4021421679;HOLD;184;82.88;207.00;93.24;219.00;98.65;
OR.PA;L'Oréal;France;Consumer Defensive;Household & Personal Products;374.6000061035;290.173614502;286.7144470215;391.3999938965;382967.547619048;339.3141266354;234574995;210850447360;6.34;14608100000;43606900000;2.8993e+10;6405900000;2336950000;-233800000;2103150000;870450000;7457800000;87871794558.7321;6.2509253514;0.0199612905;0.0099746053;59.0851744643;1.2909513043;HOLD;207;93.2432432432;182;81.981981982;218;98.1981981982;
MONC.MI;Moncler;Italy;Consumer Cyclical;Apparel Manufacturing;59.9399986267;47.2671585083;45.8124809265;59.9399986267;651013.452380952;52.8483658745;193151766;14940701696;1.18;1129475000;2756612000;1627048000;923498000;184122500;-27486500;156636000;165991500;518537500;11577516588.7864;6.1343670654;0.0602157649;0.0104838449;50.7966090057;1.2681108939;HOLD;218;98.1981981982;170;76.5765765766;216.5;97.5225225225;
SSABAH.HE;SSAB A;Sweden;Basic Materials;Steel;4.6529998779;3.5239999294;3.4909999371;4.8959999084;63659.1967213115;4.2078360554;856647919;4815510016;0.348;3.6787e+10;9.7234e+10;6.0392e+10;8.058e+09;1.526e+09;-3.16e+08;1.21e+09;1.507e+09;1.9661e+10;3985982662.53572;24.1068152031;0.0154986939;0.2512714117;13.37;1.3203745661;HOLD;196;88.29;192.00;86.49;216.50;97.52;
KER.PA;Kering;France;Consumer Cyclical;Luxury Goods;731.799987793;552.1659545898;518.046081543;761.9000244141;178509.380952381;641.6582878961;72748860;99767795712;17.202;15970400000;28005400000;11820900000;3442800000;976200000;-209550000;766650000;938900000;3860950000;53237614859.9524;16.3597623438;0.0335256772;0.0076843434;42.5415642247;1.3253261664;HOLD;191.5;86.2612612613;194;87.3873873874;214.5;96.6216216216;
DIM.PA;SARTORIUS STED BIO;France;Healthcare;Medical Instruments & Supplies;460.299987793;317.7935180664;317.7935180664;460.299987793;64037.119047619;371.1786736382;24202491;42595360768;5.151;1828800000;3521900000;1668500000;254700000;164100000;-51400000;112700000;114500000;655200000;11140406311.8594;11.1444241316;0.0325108606;0.002645828;89.3612867002;1.4484247212;HOLD;171.5;77.2522522523;214;96.3963963964;214.5;96.6216216216;
MC.PA;LVMH;France;Consumer Cyclical;Luxury Goods;654.299987793;504.4502258301;495.1103820801;687.299987793;370713.103174603;597.3300541469;272093699;357545476096;9.32;6.9842e+10;1.08671e+11;3.7412e+10;1.9963e+10;5023500000;-284500000;4.739e+09;2.09e+09;1.3129e+10;178030903934.244;13.9030556385;0.0192323619;0.013254258;70.2038613512;1.297055595;HOLD;197.5;88.963963964;184;82.8828828829;213;95.9459459459;
NEM.DE;Nemetschek;Germany;Technology;Software—Application;74.4599990845;57.8903160095;51.126499176;74.4599990845;178542.373015873;59.4259107681;55930875;8361501184;0.9;485931000;947659000;447084000;177442000;60465000;-1718000;58747000;29446000;158431000;4164612901.29375;8.0365666088;0.0310723583;0.0070258915;82.7333323161;1.2862254729;HOLD;200.5;90.3153153153;179;80.6306306306;211.5;95.2702702703;
SGO.PA;Saint-Gobain;France;Industrials;Building Products & Equipment;57.4199981689;42.2626571655;39.8881340027;58.6899986267;1230978.38095238;50.1836718302;481694449;38869983232;0.85;3.0423e+10;4.8626e+10;1.7892e+10;8.443e+09;1.973e+09;-353500000;1619500000;4.45e+08;1.0182e+10;27658894379.5711;15.419665484;0.0091514827;0.0416645407;67.5529390223;1.3586461908;HOLD;176.5;79.5045045045;203;91.4414414414;211.5;95.2702702703;
VALMT.HE;Valmet Oyj;Finland;Industrials;Specialty Industrial Machinery;36.0499992371;26.0456562042;26.0456562042;37.6800003052;401155.483606557;32.7635524468;132164257;5387005952;1.86;3e+09;4.144e+09;1.138e+09;4.31e+08;1.48e+08;-2.4e+07;1.24e+08;5.7e+07;8.58e+08;4764521364.01667;20.2702702703;0.0137548263;0.0230183521;19.3817200199;1.3841079278;HOLD;173;77.9279279279;206;92.7927927928;210;94.5945945946;
WKL.AS;Wolters Kluwer;Netherlands;Communication Services;Publishing;90.8199996948;68.9940643311;63.142414093;90.8199996948;539491.03968254;75.5728990767;261934872;26943510528;2.7;6.296e+09;8.383e+09;2.087e+09;7.23e+08;3.53e+08;4.8e+07;4.01e+08;173500000;1154500000;23788924995.1038;17.835694051;0.020696648;0.0148829901;33.637036924;1.3163451172;HOLD;187.5;84.4594594595;189;85.1351351351;209;94.1441441441;
IPN.PA;Ipsen;France;Healthcare;Drug Manufacturers—Specialty & Generic;88.5599975586;72.2466278076;65.5754241943;92.3000030518;134162.333333333;77.9939034477;34822151;7675691008;6.566;2195400000;4317200000;2119100000;642500000;238850000;-23300000;215550000;163050000;689650000;3083849607.54498;9.1915428093;0.0377675345;0.0280821622;13.4876633504;1.2258011238;HOLD;221;99.5495495495;151;68.018018018;208;93.6936936937;
SSABBH.HE;SSAB B;Sweden;Basic Materials;Steel;4.1500000954;3.2539999485;3.2000000477;4.521999836;786986.278688525;3.8313606508;856647919;4261458688;0.348;3.6787e+10;9.7234e+10;6.0392e+10;8.058e+09;1.526e+09;-3.16e+08;1.21e+09;1.507e+09;1.9661e+10;3555088945.54631;24.1068152031;0.0154986939;0.2839403332;11.9252876304;1.2753534607;BUY;197.5;88.963963964;174;78.3783783784;207;93.2432432432;
DSY.PA;Dassault Systèmes;France;Technology;Software—Application;43.5999984741;32.3525886536;32.3525886536;43.7900009155;1303480.00793651;37.411721275;668737300;57197150208;0.418;8030700000;13648400000;5571100000;2714100000;641800000;-27500000;614300000;174400000;1172900000;29156945259.5879;12.5127765659;0.0127780546;0.0107400456;104.3062164453;1.3476510007;HOLD;169;76.1261261261;197;88.7387387387;206;92.7927927928;
ASM.AS;ASM INTERNATIONAL;Netherlands;Technology;Semiconductor Equipment & Materials;274.299987793;224.0064544678;200.5051116943;291.700012207;346958.452380952;245.2994484069;45612567;14358550528;6.775;383912000;2376615000;1992703000;497870000;115618000;-9444000;106174000;122473000;394015000;12511526571.306;3.3205210261;0.0515325368;0.007394479;40.4870830691;1.2245182329;HOLD;215;96.8468468468;150;67.5675675676;205;92.3423423423;
KRX.IR;Kingspan Group;Ireland;Industrials;Building Products & Equipment;86.4599990845;62.7604141235;52.5911331177;86.4599990845;482675.055555556;72.1129979936;152249035;16676901888;2.044;2.944e+09;5341600000;2348900000;1329700000;151900000;-3.4e+07;117900000;114550000;1251650000;13163451426.7118;19.3811718236;0.0214448854;0.0070696584;42.2994124679;1.3776199582;HOLD;154;69.3693693694;205;92.3423423423;203.5;91.6666666667;
OMV.VI;OMV Aktiengesellschaft;Austria;Energy;Oil & Gas Integrated;46.9900016785;33.4399909973;33.4399909973;50.7400016785;522643.584;43.1714077454;140877127;26956371968;6.324;3.0667e+10;5.1914e+10;1.4925e+10;3.427e+09;1.065e+09;-5.39e+08;5.26e+08;6.79e+08;6.429e+09;6619816434.18758;28.7953051643;0.0130793235;0.0195130116;7.4304240478;1.4052037778;BUY;151;68.018018018;208;93.6936936937;203.5;91.6666666667;
CAP.PA;Capgemini;France;Technology;Information Technology Services;166.8500061035;122.909072876;117.9729690552;168.75;354923.738095238;146.0426016914;168091273;35285123072;5.55;1.5839e+10;2.1954e+10;6.103e+09;2.836e+09;649500000;-53500000;5.96e+08;3.23e+08;4133500000;28046029925.9977;24.3864511162;0.0147125809;0.0168909713;30.0630641628;1.3575076453;HOLD;157;70.7207207207;201;90.5405405405;202;90.990990991;
TELIA1.HE;Telia Company;Sweden;Communication Services;Telecom Services;3.7395000458;2.6402556896;2.4576382637;3.882999897;1146150.08196721;3.2510379201;2474390765;15540600832;0.13;1.58984e+11;2.28845e+11;6.8858e+10;1.2989e+10;7.54e+09;-3.691e+09;3.849e+09;9.65e+08;2.1814e+10;9252984378.98612;21.0854111406;0.004216828;0.2476738217;28.7653849675;1.4163401145;HOLD;146;65.7657657658;211;95.045045045;201;90.5405405405;
HFG.DE;HELLOFRESH SE  INH O.N.;Germany;Consumer Cyclical;Restaurants;83.4599990845;69.8000030518;55.75;87.5599975586;683012.388888889;72.7753173283;160814360;13914004480;2.386;1006700000;1736500000;730200000;876300000;208700000;-27200000;181500000;101600000;1442900000;13421566338.3701;4.8236703402;0.0585084941;0.0130444115;34.9790440421;1.1957019403;HOLD;219;98.6486486486;136;61.2612612613;200;90.0900900901;
REC.MI;Recordati;Italy;Healthcare;Drug Manufacturers—General;50.7000007629;41.6315803528;41.6315803528;52.5999984741;303916.888888889;45.8254381513;98999686;11284090880;1.596;1508399000;2837468000;1328780000;250085000;114135000;-4092000;110043000;89872000;384838000;5019284155.73077;13.2159197442;0.0316733087;0.0097520484;31.7669177713;1.2178255145;HOLD;205.5;92.5675675676;146;65.7657657658;199;89.6396396396;
BMW3.DE;BAY.MOTOREN WERKE  VZO;Germany;Consumer Cyclical;Auto Manufacturers;72;51.0430030823;50.6172485352;82;100257.341269841;66.3597567119;432733241;139033804800;5.73;1.58484e+11;2.23996e+11;6.4836e+10;1.2636e+10;4.171e+09;-1.201e+09;2.97e+09;2.811e+09;2.6778e+10;31156793352;37.9966434908;0.0125493312;0.0213617113;12.5654450262;1.410575312;BUY;141;63.5135135135;209;94.1441441441;198;89.1891891892;
VOE.VI;Voestalpine AG;Austria;Basic Materials;Steel;37;30.258234024;30.1694984436;37.7020149231;329637.744;34.6220948181;152099565;10263852032;0.236;9260300000;14910200000;5524600000;1159700000;6.25e+08;-174200000;450800000;1.96e+08;3295500000;5627683905;14.81648;0.0131453636;0.043921132;156.7796610169;1.2228076487;BUY;200.5;90.3153153153;149;67.1171171171;197;88.7387387387;
MTS.MC;ArcelorMittal;Luxembourg;Basic Materials;Steel;25.4750003815;18.8330879211;17.2105941772;27.2700004578;565626.492063492;23.1787084398;738700240;41216290816;1.921;4.1667e+10;8.3649e+10;4e+10;5.474e+09;9.97e+08;-6.19e+08;3.78e+08;2.285e+09;1.6193e+10;18818388895.7918;41.7923771314;0.027316525;0.0091711309;13.2613224266;1.3526725138;HOLD;144;64.8648648649;198;89.1891891892;196;88.2882882883;
PUB.PA;Publicis;France;Communication Services;Advertising Agencies;52.7999992371;41.9982147217;40.0786819458;55.5200004578;712063.26984127;50.4016636137;223065969;17057986560;3.461;2.1435e+10;2.9079e+10;7.69e+09;2.959e+09;1467500000;-4.2e+07;1425500000;2.2e+08;2.755e+09;11777882993.0142;14.6064735945;0.0075655972;0.0835678933;15.2557062228;1.2571962782;BUY;171.5;77.2522522523;167;75.2252252252;195;87.8378378378;
SAP.DE;SAP;Germany;Technology;Software—Application;120.9800033569;103.077545166;100.1071777344;127.2600021362;2291321.55555556;111.8470526801;1042848972;146761957376;4.963;2.8973e+10;6.3095e+10;3.263e+10;7.764e+09;3.085e+09;-1.53e+08;2.932e+09;1.04e+09;6.348e+09;126163872133.335;9.3915721232;0.0164830811;0.0199779292;24.3763859272;1.1736795163;BUY;214;96.3963963964;124;55.8558558559;194;87.3873873874;
MRK.DE;Merck;Germany;Healthcare;Drug Manufacturers—Specialty & Generic;173.3000030518;136.3589172363;128.8329467773;173.9499969482;344519.428571429;147.3889477442;129100709;84751851520;5.239;2.4908e+10;4.3891e+10;1.8916e+10;2.238e+09;1.216e+09;-3.15e+08;9.01e+08;7.47e+08;4.631e+09;22373153263.6841;20.4835526316;0.0170194345;0.0106310362;33.0788324206;1.2709106714;HOLD;162.5;73.1981981982;171;77.027027027;193;86.9369369369;
CCEP.MC;COCA-COLA EUROPEAN PARTNERS;United Kingdom;Consumer Defensive;Beverages—Non-Alcoholic;52.5;39.5;37.5999984741;52.9000015259;2250.5238095238;46.329206285;200939091;28822157312;1.09;1.3212e+10;1.9237e+10;6.025e+09;1.523e+09;568500000;-53500000;5.15e+08;1.86e+08;2884500000;10549302277.5;23.2401055409;0.0096688673;0.0178681975;48.1651376147;1.3291139241;HOLD;138;62.1621621622;195;87.8378378378;192;86.4864864865;
MT.AS;ArcelorMittal;Luxembourg;Basic Materials;Steel;24.5900001526;18.6447162628;17.2221126556;27.2999992371;6196604.1984127;23.2231167233;738700240;41275191296;1.921;4.1667e+10;8.3649e+10;4e+10;5.474e+09;9.97e+08;-6.19e+08;3.78e+08;2.285e+09;1.6193e+10;18164639014.3167;41.7923771314;0.027316525;0.0091580436;12.8006247541;1.3188723178;BUY;141;63.5135135135;191;86.036036036;191;86.036036036;
SRT.DE;Sartorius AG;Germany;Healthcare;Medical Instruments & Supplies;501;369.3148193359;345.3592529297;501;2448.3015873016;403.1633879646;26784810;34891304960;3.309;3582800000;5213500000;1.22e+09;423600000;228900000;-80800000;148100000;8.2e+07;791100000;13419189810;15.6522498908;0.0157283974;0.0042446105;151.4052583862;1.3565661971;HOLD;130;58.5585585586;200;90.0900900901;190;85.5855855856;
NDA-FI.HE;Nordea Bank Abp;Finland;Financial Services;Banks—Regional;9.9589996338;6.7313423157;6.7313423157;9.9989995956;3136442.74590164;8.583399546;2479677356;175044476928;0.812;5.51284e+11;5.86812e+11;3.5519e+10;5.375e+10;2.2741e+10;-1e+06;2.274e+10;7.88e+08;2.291e+09;24695105880.319;24.2418539202;0.0013428492;0.1299098401;12.2647778741;1.4794968324;HOLD;112;50.4504504505;216;97.2972972973;189;85.1351351351;
VOW.DE;VOLKSWAGEN AG ST O.N.;Germany;Consumer Cyclical;Auto Manufacturers;278.200012207;171.5042877197;170.8163146973;321.5828552246;124848.53968254;258.0173368908;234826753;302698856448;22.288;3.7678e+11;5.11305e+11;1.32731e+11;2.6838e+10;9.065e+09;-1.959e+09;7.106e+09;3.38e+09;6.2376e+10;65328805551.1375;41.5642581357;0.0066105358;0.0234754769;12.4820536705;1.6221169506;BUY;103;46.3963963964;221;99.5495495495;188;84.6846846847;
IMCD.AS;IMCD;Netherlands;Basic Materials;Specialty Chemicals;139.25;109.1381454468;100.4208755493;140.8000030518;106150.404761905;119.772617885;55850921;8909874176;2.24;1452299000;2710150000;1257851000;169008000;93526000;-2800500;90725500;28404000;684848500;7777240749.25;15.5282915981;0.0104806007;0.0101825793;62.1651785714;1.2759058662;HOLD;148;66.6666666667;175;78.8288288288;186.5;84.009009009;
PSM.DE;ProSiebenSat.1 Media;Germany;Communication Services;Broadcasting;16.5650005341;14.5724554062;14.5724554062;18.4250011444;1158066.5952381;17.0632540385;189984225;6359339520;1.313;4.651e+09;6.465e+09;1.45e+09;5.94e+08;6.87e+08;-8.5e+07;6.02e+08;2.15e+08;1.492e+09;3147088788.58752;6.770014556;0.0332559938;0.0946639188;12.6161466368;1.1367336576;HOLD;222;100;101;45.4954954955;186.5;84.009009009;
KESKOB.HE;Kesko Oyj B;Finland;Consumer Defensive;Grocery Stores;35.6800003052;21.4916191101;20.6248645782;36.0800018311;730393.401639344;26.7169027328;271778366;16245610496;1.367;4.493e+09;6788400000;2295400000;264300000;155100000;-44200000;110900000;78400000;2539400000;9697052181.82018;28.968407479;0.0115491132;0.0068264594;26.1009512108;1.6601820515;HOLD;99.5;44.8198198198;222;100;184.5;83.1081081081;
DGE.PA;DIAGEO;United Kingdom;Consumer Defensive;Beverages—Wineries & Distilleries;41.1650009155;32.5816307068;31.7487449646;41.1650009155;588.3333333333;36.905022606;2327660480;110082555904;0.561;2.4426e+10;3.2804e+10;6.818e+09;2.763e+09;9.99e+08;-1.25e+08;8.74e+08;7.9e+08;3.437e+09;95818145790.2368;24.4504504505;0.024082429;0.0079394959;73.3778982451;1.2634420077;HOLD;152.5;68.6936936937;169;76.1261261261;184.5;83.1081081081;
TEP.PA;Teleperformance;France;Industrials;Consulting Services;353.299987793;286.0776367188;268.2102050781;355.1000061035;116558.571428571;311.6896020798;57506489;23133179904;5.52;4.615e+09;7.024e+09;2.409e+09;9.96e+08;2.74e+08;-6.9e+07;2.05e+08;130500000;1.536e+09;20317041861.7165;16.8430656934;0.0185791572;0.0088617302;64.003620977;1.2349793988;HOLD;166;74.7747747748;155;69.8198198198;183;82.4324324324;
KESKOA.HE;Kesko Oyj A;Finland;Consumer Defensive;Grocery Stores;32.2000007629;20.5605964661;19.7243995667;32.2000007629;29275.8442622951;24.5175630538;271778366;14788194304;1.367;4.493e+09;6788400000;2295400000;264300000;155100000;-44200000;110900000;78400000;2539400000;8751263592.55044;28.968407479;0.0115491132;0.0074992252;23.5552309897;1.5661024628;HOLD;102;45.9459459459;218;98.1981981982;181.5;81.7567567568;
AMUN.PA;AMUNDI;France;Financial Services;Asset Management;75.8499984741;64.160369873;59.0179252625;76.5;166152.833333333;68.8055285802;60303760;12854375424;5.021;0;0;9695177000;0;0;0;0;2.97e+08;7.75e+08;4574040103.98376;NA;Inf;0;15.1065521757;1.1821939092;HOLD;190;85.5855855856;130;58.5585585586;181.5;81.7567567568;
DAI.DE;Daimler;Germany;Consumer Cyclical;Auto Manufacturers;74.0599975586;57.0877418518;57.0877418518;80.1399993896;3161792.5952381;72.5123439365;806896650;197543411712;12.552;2.27345e+11;2.95338e+11;6.638e+10;2.2774e+10;4.879e+09;-1.186e+09;3.693e+09;4.29e+09;4.1017e+10;59758763929.0375;46.5966386555;0.0145257298;0.018694625;5.9002547449;1.2973012271;BUY;132;59.4594594595;185;83.3333333333;180;81.0810810811;
G1A.DE;GEA Group;Germany;Industrials;Specialty Industrial Machinery;35.6500015259;27.8755531311;27.8755531311;36.4300003052;357997.698412698;33.4246126508;148205732;5974239232;0.686;3765457000;5686906000;1921031000;821852000;327527000;-42812000;284715000;-21613000;1230812000;5283534571.944;11.4966308121;-0.0038004848;0.047657114;51.9679322535;1.278898444;BUY;134;60.3603603604;177;79.7297297297;179;80.6306306306;
VOW3.DE;Volkswagen Group;Germany;Consumer Cyclical;Auto Manufacturers;203.8500061035;152.7987213135;152.6815185547;240.811340332;1234709.25396825;204.8726568071;234826753;264550285312;22.288;3.7678e+11;5.11305e+11;1.32731e+11;2.6838e+10;9.065e+09;-1.959e+09;7.106e+09;3.38e+09;6.2376e+10;47869435032.3188;41.5642581357;0.0066105358;0.0268606779;9.146177589;1.3341080629;BUY;104.5;47.0720720721;196;88.2882882883;178;80.1801801802;
BMW.DE;BMW;Germany;Consumer Cyclical;Auto Manufacturers;83.8000030518;66.8468322754;66.1880111694;95.8899993896;1373532.6984127;81.6178640941;432733241;146963218432;5.73;1.58484e+11;2.23996e+11;6.4836e+10;1.2636e+10;4.171e+09;-1.201e+09;2.97e+09;2.811e+09;2.6778e+10;36263046916.397;37.9966434908;0.0125493312;0.0202091383;14.6247823825;1.2536121788;BUY;134;60.3603603604;163;73.4234234234;177;79.7297297297;
VIE.PA;Veolia;France;Industrials;Waste Management;26.0799999237;22.7579536438;20.9279747009;26.2999992371;1601914.0952381;23.8881256315;528962583;29206806528;0.275;0;0;7216200000;0;0;0;0;1.88e+08;6.807e+09;13795344124.2834;NA;Inf;0;94.8363633589;1.1459729786;HOLD;189;85.1351351351;107;48.1981981982;176;79.2792792793;
LIN.DE;Linde;United Kingdom;Basic Materials;Specialty Chemicals;252.1000061035;200.098815918;200.098815918;254;724195.246031746;232.9793225243;519157672;144195551232;4.667;3.736e+10;8.4993e+10;4.621e+10;4.096e+09;2.109e+09;-7.62e+08;1.347e+09;9.8e+08;7.243e+09;130879652279.887;17.7145566619;0.0115303613;0.009341481;54.0175714814;1.2598775507;BUY;127;57.2072072072;168;75.6756756757;175;78.8288288288;
PAH3.DE;PORSCHE ;Germany;Consumer Cyclical;Auto Manufacturers;90.2399978638;56.1262168884;56.1262168884;98.7821426392;667724.428571429;83.0740306491;153109688;26760499200;11.491;3.31e+08;3.8594e+10;3.8263e+10;2.71e+08;0;0;0;9.95e+08;2.4e+07;13816617918.0424;Inf;0.0257812095;0;7.8531022421;1.6078047456;BUY;73;32.8828828829;220;99.0990990991;174;78.3783783784;
CPR.MI;Campari;Italy;Consumer Defensive;Beverages—Wineries & Distilleries;11.3800001144;8.910651207;8.8271141052;11.4949998856;1809504.29365079;10.2241322275;493199175;13851742208;0.168;2557100000;4555500000;1996600000;548100000;121900000;-20800000;101100000;57450000;501650000;5612606667.94217;20.9770303527;0.0126111294;0.0072987209;67.7380959193;1.277123282;HOLD;116.5;52.4774774775;176;79.2792792793;173;77.9279279279;
ATE.PA;ALTEN;France;Technology;Information Technology Services;113.5999984741;95.4502487183;85.9448318481;115.8000030518;42121.3888888889;100.2678249904;28061461;3965019648;2.86;939491000;2152611000;1213604000;283424000;69999500;-1544500;68455000;18682500;545772500;3187781926.78161;13.4213958671;0.008678995;0.0172647316;39.7202791868;1.1901487948;HOLD;158.5;71.3963963964;133;59.9099099099;172;77.4774774775;
ENX.PA;EURONEXT;Netherlands;Financial Services;Financial Data & Stock Exchanges;89.6500015259;82.5463256836;72.1383132935;93.5500030518;176073.30952381;83.4922210451;60691874;6730343936;4.539;1990700000;3160700000;1148400000;759200000;185900000;-2400000;183500000;98200000;249300000;5441026596.70845;10.7084454008;0.031069067;0.0272645799;19.7510468222;1.0860568388;BUY;220;99.0990990991;71;31.981981982;171;77.027027027;
RAA.DE;RATIONAL AG;Germany;Industrials;Industrial Distribution;914.5999755859;788.5968017578;650.4556884766;928.799987793;12644.4206349206;742.1851966495;5647024;10256505856;7.718;131222000;689652000;558430000;251284000;13517000;-3964000;9553000;24390000;167699000;5164768012.5332;9.7079233558;0.0353656627;0.0009314088;118.5021994799;1.1597814923;HOLD;174.5;78.6036036036;115;51.8018018018;169.5;76.3513513514;
CCEP.AS;COCA-COLA EUROPEAN;United Kingdom;Consumer Defensive;Beverages—Non-Alcoholic;49.0600013733;39.8499984741;37.5999984741;52.5999984741;37893.6825396825;46.4291269212;200939091;29254381568;1.09;1.3212e+10;1.9237e+10;6.025e+09;1.523e+09;568500000;-53500000;5.15e+08;1.86e+08;2884500000;9858072080.40785;23.2401055409;0.0096688673;0.0176042005;45.0091755718;1.2311167692;BUY;136.5;61.4864864865;153;68.9189189189;169.5;76.3513513514;
BEI.DE;Beiersdorf;Germany;Consumer Defensive;Household & Personal Products;100.8499984741;89.6396865845;81.2651138306;104.5999984741;340795.579365079;94.2718850999;97845173;21485150208;2.469;3.942e+09;1.0205e+10;6.239e+09;1.005e+09;3.99e+08;-8.1e+07;3.18e+08;137500000;1.788e+09;9867685547.75011;9.8796992481;0.0134737874;0.0148009205;40.8464959393;1.1250596953;BUY;193;86.9369369369;96;43.2432432432;168;75.6756756757;
AI.PA;Air Liquide;France;Basic Materials;Chemicals;148.9600067139;128.4648132324;122.2867355347;151.1199951172;782676.317460318;137.5729661972;463424432;82705408000;5.14;22972500000;41977100000;18542300000;1791400000;1526450000;-655150000;871300000;678350000;5106200000;69031706502.0901;15.0496249468;0.0161600015;0.0105349822;28.9805460533;1.1595393553;BUY;174.5;78.6036036036;114;51.3513513514;167;75.2252252252;
AFX.DE;CARL ZEISS MEDITEC AG;Germany;Healthcare;Medical Instruments & Supplies;186.6499938965;128.5663909912;120.6929397583;186.6499938965;96189.1190476191;145.0116166009;36379907;16363983872;1.78;654447000;2217699000;1545547000;8315000;0;0;0;54309000;398456000;6790309419.50467;Inf;0.0244888959;0;104.8595471329;1.4517790572;HOLD;71;31.981981982;215;96.8468468468;165;74.3243243243;
SY1.DE;Symrise;Germany;Basic Materials;Specialty Chemicals;123.4499969482;101.7826919556;95.8561096191;123.4499969482;230821.436507937;107.9645093282;125180233;17853353984;2.224;3578108000;5939769000;2301855000;725136000;208478500;-35908500;172570000;68844000;849623000;15453499381.8302;17.16295925;0.0115903497;0.0096659709;55.508092153;1.2128780894;HOLD;141;63.5135135135;145;65.3153153153;165;74.3243243243;
BESI.AS;BE SEMICONDUCTOR;Netherlands;Technology;Semiconductor Equipment & Materials;66.0800018311;55.8387031555;55.2150230408;76.0692672729;508769.341269841;65.2443707179;71549606;5125274112;1.946;576260000;990808000;414548000;347979000;26228000;-1388000;24840000;37607000;143203000;4727998095.49124;21.9711758426;0.0379558905;0.00484657;33.9568354733;1.1834086054;BUY;155;69.8198198198;131;59.009009009;165;74.3243243243;
KGX.DE;KION Group;Germany;Industrials;Farm & Heavy Construction Machinery;88.6600036621;71.0083465576;69.5953445435;92.9800033569;186221.063492063;83.0218824356;71791671;13321520128;2.318;10022100000;1.4689e+10;4678900000;515100000;331900000;-5.8e+07;273900000;136700000;2375100000;6365049813.76895;30.1961434167;0.0093062836;0.0205607166;38.2484916575;1.2485856658;BUY;125;56.3063063063;160;72.0720720721;162.5;73.1981981982;
FDJ.PA;FDJ;France;Consumer Cyclical;Gambling;47.7000007629;44.1925811768;43.848865509;51.5800018311;266728.764705882;47.938294579;98536683;8768153600;1.119;2199300000;2.898e+09;698700000;673200000;176350000;-18300000;158050000;81750000;535350000;4700199854.27752;12.4712220017;0.0282091097;0.0180254598;42.6273465263;1.0793667057;BUY;217;97.7477477477;68;30.6306306306;162.5;73.1981981982;
DLG.DE;DIALOG SEMICONDUCTOR PLC   LS-;10;United Kingdom;Technology;Semiconductors;64.9800033569;51.9799995422;51.9799995422;65.6800003052;253627.26984127;64.2665077997;62230762;3931058176;1.138;392311000;2095910000;1703599000;533734000;25992000;-4766000;21226000;26114000;365863000;4043755123.66454;15.0935287781;0.0124595045;0.0053995639;57.1001786968;1.2500962664;BUY;122;54.954954955;162;72.972972973;161;72.5225225225
WDP.BR;WDP;Belgium;Real Estate;REIT—Industrial;35.1199989319;28.3716411591;26.2296504974;35.4399986267;231954.023809524;29.739607039;138509916;8569070080;2.459;2247815000;5021240000;2721365000;9849000;54234000;-2323000;51911000;160476000;80190000;4864468101.97545;41.4466017627;0.0319594363;0.0060579502;14.2822281138;1.2378557425;HOLD;123;55.4054054054;157;70.7207207207;160;72.0720720721;
CRG.IR;CRH;Ireland;Basic Materials;Building Materials;41.1199989319;35.2630691528;33.5643539429;43.8499984741;1652099.11904762;39.6895717136;784668792;39546863616;1.204;2.4596e+10;4.4944e+10;1.9655e+10;7.721e+09;1.465e+09;-2.41e+08;1.224e+09;359500000;7.686e+09;32265579888.9233;16.7890784983;0.007998843;0.0309506213;34.1528230331;1.1660924565;BUY;160.5;72.2972972973;119;53.6036036036;158.5;71.3963963964;
RCO.PA;REMY COINTREAU;France;Consumer Defensive;Beverages—Wineries & Distilleries;180.5;143.6000061035;143.6000061035;181.6000061035;63176.9920634921;164.6674606081;20196893;9432224768;2.75;1231900000;2781100000;1548400000;2.01e+08;61950000;-16750000;45200000;39750000;289700000;3645539186.5;19.8853914447;0.0142929057;0.0047920826;65.6363636364;1.2569637349;HOLD;113.5;51.1261261261;166;74.7747747748;158.5;71.3963963964;
BVI.PA;Bureau Veritas;France;Industrials;Consulting Services;26.6599998474;22.46367836;21.2502250671;27.0100002289;754255.031746032;24.1797895734;283560996;13997875200;0.279;5280400000;6566100000;1.238e+09;1594500000;222400000;-26750000;195650000;79700000;1200250000;7559736110.09203;23.7428057554;0.0121381033;0.0139771213;95.5555550086;1.1868047352;HOLD;144;64.8648648649;132;59.4594594595;156;70.2702702703;
SRT3.DE;SARTORIUS AG VZO O.N.;Germany;Healthcare;Medical Instruments & Supplies;500.3999938965;409.9264221191;386.1000061035;500.3999938965;71747.8015873016;439.6143355597;26784810;35924385792;3.309;3582800000;5213500000;1.22e+09;423600000;228900000;-80800000;148100000;8.2e+07;791100000;13403118760.5185;15.6522498908;0.0157283974;0.0041225479;151.223932879;1.2207068559;HOLD;129;58.1081081081;147;66.2162162162;156;70.2702702703;
TEN.MI;Tenaris;Luxembourg;Energy;Oil & Gas Equipment & Services;8.7840003967;6.464887619;6.3249893188;9.7740001678;4797802.3015873;8.8513382087;466005108;9981856768;0.095;2332236000;13802379000;11288012000;695245000;70494000;-44736000;25758000;106346000;1181789000;4093389053.54951;33.0841773768;0.0077049036;0.0025804818;92.4631620708;1.3587243761;BUY;72;32.4324324324;204;91.8918918919;156;70.2702702703;
ADYEN.AS;Adyen;Netherlands;Technology;Software—Infrastructure;2149;1913;1674.5999755859;2211;70882.7063492063;1954.5142841642;25727821;67094855680;8.51;2940327000;4158461000;1218134000;2737486000;338570500;-6022000;332548500;91332000;1040657500;55289087329;8.6845339449;0.0219629329;0.0049563934;252.526439483;1.1233664401;HOLD;178;80.1801801802;95;42.7927927928;153.5;69.1441441441;
DTE.DE;DeutscheTelekom;Germany;Communication Services;Telecom Services;17.8059997559;14.1886959076;14.1886959076;18.4160003662;9164021.16666667;16.4138651348;4053462660;255242665984;0.881;1.96416e+11;2.73901e+11;3.8727e+10;9.872e+09;8.307e+09;-3.199e+09;5.108e+09;9.36e+08;2.7068e+10;72175955134.3451;23.6446370531;0.0034172931;0.0200123282;20.2111234459;1.254942658;BUY;108;48.6486486486;165;74.3243243243;153.5;69.1441441441;
EL.PA;Essilor;France;Healthcare;Medical Instruments & Supplies;152.2400054932;123.5566864014;116.1135101318;157.4799957275;528847.285714286;138.9549587189;274028667;70799294464;0.19;1.952e+10;5.2318e+10;3.2268e+10;8.683e+09;1249500000;-1.69e+08;1080500000;248500000;4099500000;41718125769.3644;15.6222488996;0.0047497993;0.0152614515;801.2631868061;1.2321470406;HOLD;118;53.1531531532;154;69.3693693694;151.5;68.2432432432;
UN01.DE;Uniper SE;Germany;Utilities;Utilities—Independent Power Producers;33.1500015259;27.5958824158;27.5958824158;33.1500015259;412934.817460317;29.7398936862;91462946;13793642496;1.991;3.2957e+10;4.5309e+10;1.1881e+10;8.71e+08;4.08e+08;-1.56e+08;2.52e+08;8.2e+08;2.1168e+10;3031996799.46138;80.7769607843;0.0180979496;0.018269286;16.6499254274;1.2012662261;HOLD;134;60.3603603604;138;62.1621621622;151.5;68.2432432432;
ELISA.HE;Elisa Oyj;Finland;Communication Services;Telecom Services;54.1800003052;47.4924812317;46.3400001526;54.5400009155;365707.721311475;49.3745997382;106995506;10052840448;2.07;1818800000;3.08e+09;1259600000;2.74e+08;1.18e+08;-58500000;59500000;81600000;481600000;5797016547.73244;15.413559322;0.0264935065;0.0059187252;26.1739131909;1.1408121644;HOLD;168;75.6756756757;103;46.3963963964;150;67.5675675676;
WRT1V.HE;Wärtsilä Oyj Abp;Finland;Industrials;Specialty Industrial Machinery;12.6850004196;7.9053239822;7.9053239822;12.9499998093;1866205.41803279;10.5024578923;387568664;7776947712;0.236;4.006e+09;6.163e+09;2.149e+09;9.12e+08;6.7e+07;-2.9e+07;3.8e+07;2.4e+07;9.46e+08;4916308665.47028;59.7910447761;0.0038942074;0.0048862358;53.750001778;1.6046148707;HOLD;51;22.972972973;219;98.6486486486;149;67.1171171171;
PST.MI;Poste italiane;Italy;Industrials;Conglomerates;11.3000001907;8.0058841705;7.8522615433;11.7453346252;3413887.87301587;10.4682946281;459252802;74931625984;1.035;2.57707e+11;2.701e+11;1.2388e+10;5.165e+09;1.101e+09;-1.16e+08;9.85e+08;4.47e+08;9.308e+09;5189556750.19552;234.0663033606;0.0016549426;0.0131453173;10.9178745804;1.4114618636;BUY;56.5;25.4504504505;210;94.5945945946;148;66.6666666667;
SAN.PA;Sanofi;France;Healthcare;Drug Manufacturers—General;87.8700027466;79.3158035278;72.57371521;89.1100006104;1950615.49206349;82.1769099765;1108202328;118387466240;9.681;0;0;6.3001e+10;0;0;0;0;1.566e+09;8.886e+09;97377741605.1286;NA;Inf;0;9.0765419633;1.1078498715;BUY;187.5;84.4594594595;78;35.1351351351;147;66.2162162162;
RACE.MI;Ferrari;Italy;Consumer Cyclical;Auto Manufacturers;179.5;170.261428833;153.9418029785;182.6999969482;416005.817460317;170.5463605608;119297862;34499883008;3.49;4137086000;6085509000;1943473000;980309000;411056000;-127026000;284030000;262120000;1068810000;21413966229;10.0645313534;0.0430728145;0.0082327815;51.4326647564;1.0542610927;BUY;210;94.5945945946;55;24.7747747748;146;65.7657657658;
REN.AS;RELX;United Kingdom;Communication Services;Publishing;23.75;20.2320842743;19.2076740265;24.2800006866;1347916.03968254;21.4658662402;1912998794;53861515264;0.737;1.2044e+10;1.4145e+10;2.099e+09;8.8e+07;4.06e+08;-1.4e+07;3.92e+08;3.38e+08;1804500000;45433721357.5;29.6650246305;0.0238953694;0.0072779237;32.2252374491;1.173878068;HOLD;139;62.6126126126;125;56.3063063063;145;65.3153153153;
BNR.DE;Brenntag AG;Germany;Basic Materials;Specialty Chemicals;84;63.5987205505;63.1271858215;84.5400009155;304627.349206349;73.0927611457;154500000;14549449728;2.909;4983800000;8793100000;3.742e+09;690600000;77600000;-3.8e+07;39600000;97500000;3132500000;1.2978e+10;64.2242268041;0.0110882396;0.0027217524;28.8759023719;1.3207812873;HOLD;70;31.5315315315;193;86.9369369369;144;64.8648648649;
SK3.IR;SMURFIT KAPPA GP;Ireland;Consumer Cyclical;Packaging & Containers;45.9099998474;40.4493713379;37.7866821289;46.7599983215;600098.436507936;42.0579049852;254303076;14567095296;2.257;6.507e+09;1.029e+10;3.77e+09;8.91e+08;367500000;-123500000;2.44e+08;1.34e+08;2163500000;11675054180.3564;17.706122449;0.0130223518;0.0167500792;20.3411607654;1.1349990946;HOLD;164;73.8738738739;98;44.1441441441;143;64.4144144144;
AALB.AS;Aalberts;Netherlands;Industrials;Specialty Industrial Machinery;43.3400001526;39.1202888489;36.7116699219;47.1599998474;204053.801587302;43.0290524013;105546939;6440603136;1.799;1448900000;3255200000;1774100000;55800000;168600000;-20300000;148300000;26750000;661650000;4574404352.36518;8.59371293;0.008217621;0.0230257938;24.0911618413;1.1078650344;BUY;182;81.981981982;79;35.5855855856;141.5;63.7387387387;
REE.MC;Red Eléctrica de España;Spain;Utilities;Utilities—Regulated Electric;16;14.4391260147;12.4749288559;16;1982470.8015873;14.3006963427;430781190;14725696512;1.166;9119212000;12796426000;3677214000;625140000;446658000;0;446658000;181111000;495239000;6892499040;20.4165424105;0.0141532487;0.030331876;13.7221269297;1.1081003091;HOLD;181;81.5315315315;80;36.036036036;141.5;63.7387387387;
KPN.AS;KPN;Netherlands;Communication Services;Telecom Services;2.6540000439;2.5353507996;2.4965839386;2.9249999523;17727559.0396825;2.7240863433;3364884210;18071736320;0.29;9.143e+09;1.2371e+10;3.227e+09;5.46e+08;5.06e+08;-258500000;247500000;8e+08;1.294e+09;8930402840.95417;18.0691699605;0.0646673672;0.0136954189;9.1517242892;1.0467979596;HOLD;209;94.1441441441;51;22.972972973;140;63.0630630631;
FORTUM.HE;Fortum Oyj;Finland;Utilities;Utilities—Renewable;23.5;20.4525871277;19.5488681793;24.2800006866;1477009.68852459;22.1355752789;410507521;31107090432;2.23;4.6203e+10;6.3416e+10;1.4303e+10;3.259e+09;8.31e+08;-2.93e+08;5.38e+08;1.092e+09;2.1493e+10;9646926743.5;55.5992779783;0.0172196291;0.0172950923;10.5381165919;1.1489988945;BUY;147;66.2162162162;109;49.0990990991;139;62.6126126126;
1COV.DE;Covestro;Germany;Basic Materials;Specialty Chemicals;54.9599990845;54.9119987488;51.7799987793;61.0915565491;938454.468253968;56.3101657383;187356070;11025433600;4.43;7.294e+09;1.3726e+10;6.393e+09;2.106e+09;4.28e+08;-1.1e+08;3.18e+08;3.93e+08;3.307e+09;10297089435.6704;17.0420560748;0.0286317937;0.0288424031;12.4063203351;1.000874132;HOLD;216;97.2972972973;38;17.1171171171;138;62.1621621622;
KNEBV.HE;KONE Oyj;Finland;Industrials;Specialty Industrial Machinery;69.6600036621;65.8519134521;64.4599990845;73.1999969482;685895.008196721;68.187722253;354565817;34857250816;1.971;5930300000;8278600000;2328200000;418300000;3.9e+08;-19200000;370800000;1.93e+08;2326400000;24699056110.6788;15.2058974359;0.0233131206;0.010637672;35.3424676114;1.0578280875;BUY;195;87.8378378378;57;25.6756756757;136;61.2612612613;
LR.PA;Legrand;France;Industrials;Specialty Industrial Machinery;91.7799987793;78.5258178711;70.75390625;93.1999969482;514292.825396825;81.2476910788;257033843;27314720768;2.758;7928200000;13250300000;5310600000;2754200000;263600000;-17400000;246200000;2.28e+08;1674100000;23590565796.778;30.0766312595;0.0172071576;0.0090134548;33.2777370483;1.1687875563;HOLD;131;59.009009009;121;54.5045045045;136;61.2612612613;
SU.PA;Schneider Electric;France;Industrials;Specialty Industrial Machinery;134.1999969482;120.8265533447;118.6199035645;138.4199981689;922415.055555556;128.5610487196;532918962;85330788352;3.81;2.5755e+10;4.9482e+10;2.0623e+10;6.895e+09;1565500000;-1.3e+08;1435500000;675500000;6.792e+09;71517723074.0604;16.4516129032;0.0136514288;0.0168227673;35.2230963119;1.1106829851;BUY;170;76.5765765766;82;36.9369369369;136;61.2612612613;
MOCORP.HE;Metso Outotec Oyj;Finland;Industrials;Farm & Heavy Construction Machinery;9.6759996414;8.2615499496;8.1675004959;10.2899999619;1826400.23770492;9.409061596;631270230;8811801600;0.186;3.464e+09;5.592e+09;2.124e+09;5.16e+08;1.43e+08;-1.7e+07;1.26e+08;5.9e+07;9.25e+08;6108170519.11815;24.2237762238;0.0105507868;0.0142990056;52.0215034485;1.1712087563;BUY;128;57.6576576577;123;55.4054054054;134;60.3603603604;
RI.PA;Pernod Ricard;France;Consumer Defensive;Beverages—Wineries & Distilleries;184.1999969482;153.0363616943;150.8522644043;187.2871246338;392332.698412698;168.9140512376;202734611;56547336192;1.003;1.7093e+10;3.1772e+10;1.4435e+10;1.955e+09;4.94e+08;-8.7e+07;4.07e+08;4.83e+08;2492500000;37343714727.5031;34.6012145749;0.0152020647;0.0071975097;183.6490497988;1.2036354949;HOLD;109;49.0990990991;140;63.0630630631;133;59.9099099099;
PUM.DE;Puma SE;Germany;Consumer Cyclical;Footwear & Accessories;103.9499969482;80.6329574585;80.6329574585;105.8499984741;275689.738095238;91.3700821892;91815196;16497557504;1.016;3222300000;5180900000;1958600000;702100000;0;0;0;109200000;1548800000;9544189344.00226;Inf;0.021077419;0;102.3129891223;1.2891750498;HOLD;67;30.1801801802;181;81.5315315315;132;59.4594594595;
STM.MI;STMicroelectronics;Switzerland;Technology;Semiconductors;33.3349990845;32.9000473022;28.375169754;35.4415588379;3128358.66666667;31.526734231;660697100;29107716096;1.172;6.362e+09;1.4978e+10;8.557e+09;3.454e+09;6.82e+08;-4.05e+08;2.77e+08;3.64e+08;3.016e+09;22024337223.6137;9.3284457478;0.0243023101;0.009516377;28.4428319833;1.0132203999;BUY;205.5;92.5675675676;42;18.9189189189;131;59.009009009;
ORNBV.HE;Orion Oyj B;Finland;Healthcare;Drug Manufacturers—General;35.6399993896;36.0637588501;31.5079307556;37.9900016785;349558.737704918;35.4049712165;126948035;4930351616;1.36;342900000;1041400000;698500000;1.59e+08;4.4e+07;-9200000;34800000;59600000;268700000;4524427889.91707;7.7931818182;0.057230651;0.0070583201;26.2058819042;0.9882497146;BUY;213;95.9459459459;34;15.3153153153;130;58.5585585586;
CA.PA;Carrefour;France;Consumer Defensive;Grocery Stores;16.2399997711;14.4944887161;13.5955677032;17.4150009155;2808082.07936508;15.4139702434;658510065;26515007488;0.793;3.6291e+10;4.7588e+10;9.795e+09;4.439e+09;2.132e+09;-5.03e+08;1.629e+09;3.31e+08;1.8486e+10;10694203304.879;17.0220450281;0.006955535;0.0614369051;20.4791926496;1.1204258452;BUY;156;70.2702702703;90;40.5405405405;129;58.1081081081;
EVK.DE;Evonik Industries;Germany;Basic Materials;Specialty Chemicals;29.2900009155;25.1001834869;25.1001834869;29.3099994659;737484.333333333;27.5061764641;190650000;16172449792;1.118;1.2428e+10;2.1427e+10;8.915e+09;9.36e+08;4.94e+08;-1.82e+08;3.12e+08;1.86e+08;3.358e+09;5584138674.54529;25.1578947368;0.0086806366;0.0192920679;26.1985696919;1.1669237769;BUY;125;56.3063063063;120;54.0540540541;128;57.6576576577;
ANDR.VI;Andritz AG;Austria;Industrials;Industrial Distribution;47.6599998474;38.546245575;36.5800018311;48.7799987793;185612.304;43.1849121094;66041871;4608171520;2.377;5800600000;7031200000;1234100000;9.9e+08;69200000;-20500000;48700000;62100000;1.494e+09;3147555561.78281;83.823699422;0.0088320628;0.010568183;20.0504837389;1.236436886;HOLD;88.5;39.8648648649;156;70.2702702703;127;57.2072072072;
CATR.PA;CATERPILLAR INC;United States;Industrials;Farm & Heavy Construction Machinery;181.5399932861;161.6263427734;147.7867889404;206.4377746582;74.4365079365;182.4219735766;546542017;125326073856;5.313;6.4112e+10;8.0729e+10;1.6573e+10;1.0492e+10;1.928e+09;-5.04e+08;1.424e+09;1.53e+09;1.1887e+10;99219234096.7695;33.2531120332;0.0189522972;0.0113623603;34.1690181227;1.123207951;BUY;150;67.5675675676;94;42.3423423423;126;56.7567567568;
ORA.PA;Orange;France;Communication Services;Telecom Services;9.593000412;9.4770812988;9.3652639389;10.4795217514;7207994.57936508;9.9460766278;1911484973;60177551360;1.705;7.0695e+10;1.07733e+11;3.4395e+10;8.145e+09;4185500000;-2575500000;1.61e+09;1947500000;10750500000;18336876133.4965;16.8904551428;0.018077098;0.0267541627;5.6263932035;1.0122315204;HOLD;203.5;91.6666666667;40;18.018018018;125;56.3063063063;
SLB.PA;SCHLUMBERGER;United States;Energy;Oil & Gas Equipment & Services;23.9500007629;20.4814929962;18.0573539734;29.8500003815;33655.6825396825;24.0799459427;1394560920;47851200512;0.613;2.7849e+10;4.0908e+10;1.3059e+10;2.682e+09;1.22e+09;-3.46e+08;8.74e+08;2.99e+08;5.223e+09;33399735097.9655;22.8270491803;0.0073090838;0.0182649545;39.0701480635;1.1693483853;BUY;119;53.6036036036;122;54.954954955;124;55.8558558559;
ORNAV.HE;Orion Oyj A;Finland;Healthcare;Drug Manufacturers—General;35.5999984741;36.9262237549;33.1807785034;38.2707366943;6257.5327868853;36.2190738741;126948035;4945813504;1.36;342900000;1041400000;698500000;1.59e+08;4.4e+07;-9200000;34800000;59600000;268700000;4519349852.29267;7.7931818182;0.057230651;0.007036254;26.1764694663;0.9640844596;HOLD;211.5;95.2702702703;28;12.6126126126;122.5;55.1801801802;
MAREL.AS;MAREL;Iceland;Industrials;Specialty Industrial Machinery;6;5.4066724777;5.1888208389;6.2600002289;50515.0634920635;5.8135152961;548769782;4851876864;0.136;912500000;1.873e+09;9.52e+08;85600000;67300000;-8700000;58600000;21200000;3.34e+08;3292618692;13.558692422;0.01131874;0.0120778003;44.1176470588;1.1097398677;BUY;158.5;71.3963963964;81;36.4864864865;122.5;55.1801801802;
G.MI;GENERALLI;Italy;Financial Services;Insurance—Diversified;16.8449993134;13.5953006744;13.2841739655;17.25;4813792.53174603;16.0573042385;1150605933;41096323072;1.095;5.12916e+11;5.4471e+11;3.0029e+10;7.9e+09;3949500000;-1.21e+08;3828500000;4.85e+08;2.37e+10;19381956151.3266;129.8685909609;0.000890382;0.0931591859;15.3835610168;1.2390310238;BUY;80.5;36.2612612613;158;71.1711711712;121;54.5045045045;
AMP.MI;Amplifon;Italy;Healthcare;Medical Instruments & Supplies;40.7799987793;33.6456375122;29.8586406708;42.1500015259;589671.452380952;36.0873818776;91197211;10170815488;0.525;2479274000;3310609000;830286000;557677000;88451000;-8213000;80238000;23273000;440902000;3719022153.25528;28.0299148681;0.0070298244;0.0078890429;77.676188151;1.2120441696;HOLD;94;42.3423423423;143;64.4144144144;119.5;53.8288288288;
LIGHT.AS;SIGNIFY NV;Netherlands;Industrials;Electrical Equipment & Parts;48.6100006104;40.3631668091;35.0793685913;54.2200012207;487744.896825397;44.9169637892;124397470;7259428352;2.735;5.665e+09;7.814e+09;2.018e+09;9.45e+08;1.34e+08;-2.3e+07;1.11e+08;5.9e+07;1.599e+09;6046961092.62619;42.276119403;0.0075505503;0.0152904602;17.7733091811;1.2043158269;BUY;96;43.2432432432;141;63.5135135135;119.5;53.8288288288;
STM.PA;STMicroelectronics;Switzerland;Technology;Semiconductors;32.1699981689;33.3884963989;28.3254051208;35.4316711426;2737361.92857143;31.541646579;660697100;29121236992;1.172;6.362e+09;1.4978e+10;8.557e+09;3.454e+09;6.82e+08;-4.05e+08;2.77e+08;3.64e+08;3.016e+09;21254624497.2275;9.3284457478;0.0243023101;0.0095119586;27.4488038984;0.9635054476;BUY;203.5;91.6666666667;27;12.1621621622;118;53.1531531532;
ABI.BR;AB InBev;Belgium;Consumer Defensive;Beverages—Brewers;56;54.842540741;47.058883667;65.3399963379;1487225.46825397;57.0545597682;928061680;207949021184;1.8;0;0;6.8024e+10;0;0;0;0;5.95e+08;1.2293e+10;51971454080;NA;Inf;0;31.1111111111;1.0211051356;HOLD;184;82.8828828829;46;20.7207207207;117;52.7027027027;
SHL.DE;Siemens Healthineers;Germany;Healthcare;Diagnostics & Research;55.1800003052;45.5217781067;44.5349998474;55.1800003052;690797.650793651;48.3087995923;273257023;75157831680;1.504;2.2006e+10;3.6776e+10;1.4762e+10;5.59e+08;5.02e+08;-1.43e+08;3.59e+08;4.43e+08;3.965e+09;15078322612.5314;43.8366533865;0.0120458995;0.0047766147;36.6888299901;1.2121670682;HOLD;83.5;37.6126126126;144;64.8648648649;116;52.2522522523;
SAMPO.HE;Sampo Oyj A;Finland;Financial Services;Insurance—Diversified;40.6699981689;35.0584754944;34.5887298584;41;1023830.52459016;37.8037579333;442604317;19674425344;0.626;4.6577e+10;5.9556e+10;1.2186e+10;3.427e+09;8.95e+08;0;8.95e+08;4.54e+08;3.941e+09;18000716761.9573;52.0413407821;0.0076230774;0.0454905282;64.9680481932;1.1600617995;BUY;111;50;116;52.2522522523;115;51.8018018018;
KRZ.IR;Kerry Group;Ireland;Consumer Defensive;Packaged Foods;121.5;112.9744491577;99.3996124268;122.3499984741;293405.03968254;110.0031423417;155920112;24008484864;3.125;4787600000;9443100000;4655500000;563100000;270350000;-58250000;212100000;170500000;1769700000;18944293608;17.7088958757;0.0180555114;0.0088343767;38.88;1.0754644161;HOLD;160.5;72.2972972973;65;29.2792792793;114;51.3513513514;
ADS.DE;Adidas;Germany;Consumer Cyclical;Footwear & Accessories;309.5;259.257019043;249.905960083;322.700012207;547162.738095238;287.3867348565;174025762;62263726080;4.906;1.4172e+10;2.1697e+10;7.281e+09;3.923e+09;1.12e+08;-5.4e+07;5.8e+07;5.58e+08;5.268e+09;53860973339;126.5357142857;0.0257178412;0.0009315215;63.0860171219;1.1937960297;BUY;90;40.5405405405;135;60.8108108108;112;50.4504504505;
FRE.DE;Fresenius;Germany;Healthcare;Medical Care Facilities;45.8899993896;36.0713577271;33.9131584167;45.8899993896;1516224.92063492;40.1744955154;408834148;59694993408;3.019;4.1452e+10;6.8966e+10;1.7807e+10;1.877e+09;6.52e+08;-4.17e+08;2.35e+08;4.35e+08;8.984e+09;18761398802.1874;63.5766871166;0.0063074558;0.0039366785;15.2003972804;1.2722005015;HOLD;53;23.8738738739;172;77.4774774775;112;50.4504504505;
GLE.PA;Société Générale;France;Financial Services;Banks—Regional;24.1450004578;16.7253665924;15.1139202118;26.75;4037355.15079365;22.2869991802;798823090;-288326123520;0.138;1.434671e+12;1.502982e+12;6.292e+10;1.77582e+11;0;0;0;8.14e+08;5.969e+09;19287583873.7222;Inf;0.00054159;0;174.9637714331;1.4436156197;BUY;13;5.8558558559;212;95.4954954955;112;50.4504504505;
HEN.DE;HENKEL AG+CO.KGAA ST O.N.;Germany;Consumer Defensive;Household & Personal Products;76.8499984741;75.5457077026;71.8271408081;84.3499984741;103655.865079365;79.3778282044;274246682;35167420416;3.242;1.2371e+10;3.025e+10;1.7778e+10;1.727e+09;9.69e+08;-2.05e+08;7.64e+08;3.16e+08;4882500000;21075857093.2328;12.7667698658;0.010446281;0.0217246528;23.7045029223;1.0172649223;HOLD;180;81.0810810811;43;19.3693693694;109.5;49.3243243243;
MB.MI;Mediobanca;Italy;Financial Services;Banks—Regional;10.0249996185;7.3979997635;7.3639998436;10.095000267;4066198.92063492;9.4097222298;428574773;28963883008;0.704;72825800000;83765400000;10851600000;0;0;0;0;193300000;618100000;4296461935.8367;Inf;0.0023076354;0;14.2400562763;1.3550959636;BUY;24;10.8108108108;199;89.6396396396;109.5;49.3243243243;
DG.PA;Vinci;France;Industrials;Engineering & Construction;89.1900024414;81.7283172607;74.8833999634;96.2399978638;1029087.87301587;88.6872374519;454758519;74086178816;2.2;6.8141e+10;9.1165e+10;2.0863e+10;1.1765e+10;2747500000;-2.85e+08;2462500000;7.68e+08;1.2612e+10;40559913419.8603;24.8010919017;0.0084242856;0.0332383184;40.5409102006;1.0912986518;BUY;149;67.1171171171;73;32.8828828829;108;48.6486486486;
HEN3.DE;Henkel;Germany;Consumer Defensive;Household & Personal Products;85.5400009155;83.9009780884;80.0542984009;97.4199981689;432182.253968254;90.3552390205;274246682;38863126528;3.242;1.2371e+10;3.025e+10;1.7778e+10;1.727e+09;9.69e+08;-2.05e+08;7.64e+08;3.16e+08;4882500000;23459061429.3603;12.7667698658;0.010446281;0.0196587374;26.3849478456;1.0195352052;HOLD;176.5;79.5045045045;45;20.2702702703;107;48.1981981982;
DWNI.DE;DEUTSCHE WOHNEN;Germany;Real Estate;Real Estate—Development;52.7000007629;40.0733642578;37.4560470581;52.7000007629;1397615;44.8806131151;323951025;29287438336;4.24;16667100000;3.0708e+10;13596300000;202400000;9.2e+07;-214700000;-122700000;196300000;519700000;17072219264.655;181.1641304348;0.006392471;-0.0041895095;12.429245463;1.3150880077;HOLD;33;14.8648648649;188;84.6846846847;106;47.7477477477;
BG.VI;BAWAG Group AG;Austria;Financial Services;Banks—Regional;48.6599998474;35.8433151245;35.8433151245;48.6599998474;127771.992;44.182042572;65829150;11008921600;3.159;4.8604e+10;5.2975e+10;4.371e+09;0;0;0;0;73600000;271900000;3203246428.95527;Inf;0.0013893346;0;15.4036086886;1.3575753157;HOLD;18;8.1081081081;202;90.990990991;104.5;47.0720720721;
KOJAMO.HE;Kojamo Oyj;Finland;Real Estate;Real Estate Services;20.6599998474;17.5142230988;15.4813222885;20.9799995422;461888.090163934;18.0237147065;199131657;7945460224;1.67;4042700000;7410300000;3367600000;189900000;32200000;0;32200000;141800000;97200000;4114060003.23492;125.549689441;0.0191355276;0.0040526287;12.3712573937;1.1796126914;HOLD;91;40.990990991;129;58.1081081081;104.5;47.0720720721;
COLR.BR;Colruyt;Belgium;Consumer Defensive;Grocery Stores;47.6300010681;50.4000015259;45.8499984741;52.0200004578;180282;49.6009523604;125368369;6569836032;3.065;2668100000;5195300000;2.523e+09;284500000;208600000;-123700000;84900000;84800000;2470300000;5971295549.37786;12.7905081496;0.0163224453;0.0129226969;15.5399677221;0.9450396751;HOLD;194;87.3873873874;24;10.8108108108;103;46.3963963964;
JMT.LS;Jerónimo Martins;Portugal;Consumer Defensive;Food Distribution;16.6000003815;13.8468294144;12.176738739;16.9300003052;731423.126984127;14.3589267579;243411426;12420289536;0.533;7052918000;9337838000;2049022000;1027643000;198509000;-112752000;85757000;57718000;4786089000;4040629764.45409;35.5294621403;0.0061810882;0.0069045894;31.1444660065;1.1988304243;HOLD;77.5;34.9099099099;137;61.7117117117;102;45.9459459459;
UCB.BR;UCB;Belgium;Healthcare;Biotechnology;88.9000015259;85.6081237793;75.3000030518;91.4000015259;307083.047619048;81.612389398;120923352;18227947520;3.77;6.047e+09;1.3319e+10;7.271e+09;1.336e+09;3.52e+08;-9.5e+07;2.57e+08;184500000;1369500000;10750086177.3144;17.1789772727;0.0138523913;0.0140992287;23.5809022615;1.0384528664;BUY;165;74.3243243243;49;22.0720720721;101;45.4954954955;
ASML.AS;ASML Holding;Netherlands;Technology;Semiconductor Equipment & Materials;577.299987793;469.202331543;427.2229309082;609.0999755859;818131.746031746;519.0982479519;409678485;260691017728;11.481;13589800000;27218700000;13628900000;3243800000;-941700000;-189400000;-1131100000;1331400000;4363900000;236507384389.542;-14.4311351811;0.0489149004;-0.004338853;50.2830753238;1.2303860168;HOLD;60;27.027027027;152;68.4684684685;99.5;44.8198198198;
HO.PA;Thales;France;Industrials;Aerospace & Defense;87.5800018311;77.2472457886;72.0318222046;89.8199996948;285818.30952381;82.3693885198;99252899;21959958528;3.992;26497900000;31807800000;5114900000;5003900000;852350000;-92350000;7.6e+08;209150000;4618850000;8692569076.15749;31.0880506834;0.0065754312;0.0346084442;21.9388782142;1.1337621288;BUY;115;51.8018018018;97;43.6936936937;99.5;44.8198198198;
HNR1.DE;Hannover Rück SE;Germany;Financial Services;Insurance—Reinsurance;142.1499938965;124.2597427368;124.2597427368;152.75;123647.23015873;144.4208217197;59973092;19871860736;7.368;65198109000;77044358000;11042966000;1414365000;1686277000;0;1686277000;305893000;6130681000;8525174661.7533;38.6639377753;0.0039703491;0.0848575291;19.2928873367;1.1439746354;HOLD;107;48.1981981982;104;46.8468468468;98;44.1441441441;
UPM.HE;UPM-Kymmene Oyj;Finland;Basic Materials;Paper & Paper Products;34.5800018311;29.3210754395;29.3210754395;34.5800018311;1056577.18032787;31.8259090674;514609705;19549679616;1.37;6.076e+09;1.5683e+10;9.399e+09;1.578e+09;2.17e+08;-2.74e+08;-5.7e+07;2.24e+08;2.234e+09;17795204541.1785;28;0.0142829816;-0.0029156488;25.2408772489;1.1793565315;BUY;82;36.9369369369;128;57.6576576577;97;43.6936936937;
BIM.PA;BioMerieux;France;Healthcare;Diagnostics & Research;94;119.3714065552;89.3200073242;129.501083374;152947;104.5933163961;41495570;11254252544;3.41;1446500000;3927800000;2431100000;389200000;161050000;-75050000;8.6e+07;115750000;8.21e+08;3900583580;8.9816827072;0.0294694231;0.0076415559;27.5659824047;0.7874582592;HOLD;202;90.990990991;6;2.7027027027;95.5;43.018018018;
BOL.PA;BOLLORE;France;Communication Services;Entertainment;4.5180001259;3.4804880619;3.3159775734;4.6199998856;1322549.88888889;4.1150126003;881815682;41499885568;0.145;31884700000;5.7869e+10;9084200000;2219500000;0;0;0;125800000;6248300000;3984043362.28338;Inf;0.0021738755;0;31.1586215578;1.2980938436;HOLD;22;9.9099099099;186;83.7837837838;95.5;43.018018018;
FPE.DE;Fuchs Petrolub SE;Germany;Basic Materials;Specialty Chemicals;32.9500007629;35.7725334167;32.2730484009;37.3278656006;15439.4206349206;34.4575906481;100775000;4439549952;1.583;6.11e+08;2.289e+09;1.677e+09;2.53e+08;4.6e+07;-1.5e+07;3.1e+07;7.1e+07;6.97e+08;3320536326.88522;13.2826086957;0.0310179118;0.0069826898;20.8149088837;0.9210977702;HOLD;184;82.8828828829;22;9.9099099099;94;42.3423423423;
INGA.AS;ING Group;Netherlands;Financial Services;Banks—Diversified;10.0799999237;7.7203860283;7.2014846802;11.6499996185;17901633.2460317;10.1334495052;3903243864;74368024576;0.723;9.24888e+11;9.8087e+11;5.5041e+10;1.12703e+11;0;0;0;1.005e+09;4.478e+09;39344697851.3261;Inf;0.0010246006;0;13.9419086082;1.3056341855;BUY;17;7.6576576577;187;84.2342342342;93;41.8918918919;
AD.AS;Ahold Delhaize;Netherlands;Consumer Defensive;Grocery Stores;25.1399993896;23.3053131104;21.3402786255;25.6200008392;3520206.56349206;23.46686834;1032881650;39366987776;1.23;3.0936e+10;4.4043e+10;1.3107e+10;4.061e+09;1.104e+09;-4.54e+08;6.5e+08;5.5e+08;1.8264e+10;25966644050.5791;28.0217391304;0.012487796;0.0165112963;20.439023894;1.0787239489;BUY;136.5;61.4864864865;67;30.1801801802;92;41.4414414414;
RAND.AS;Randstad;Netherlands;Industrials;Staffing & Employment Services;62.0200004578;54.1750030518;50.0870552063;66.2399978638;378811.523809524;60.0382222372;98945281;12445849600;2.17;5.619e+09;9.884e+09;4256500000;6.22e+08;9.9e+07;-1.2e+07;8.7e+07;1.53e+08;5.528e+09;6136586372.91356;56.7575757576;0.0154795629;0.0069902821;28.5806453722;1.144808435;BUY;98;44.1441441441;105;47.2972972973;91;40.990990991;
ISP.MI;Intesa Sanpaolo;Italy;Financial Services;Banks—Regional;2.3375000954;1.8060265779;1.7780535221;2.4855000973;98388350.7777778;2.2521161201;16299463500;247864623104;0.193;9.34919e+11;1.000628e+12;6.5347e+10;8.254e+09;0;0;0;1.516e+09;5.334e+09;38099997485.688;Inf;0.0015150485;0;12.1113994579;1.2942777941;BUY;19;8.5585585586;183;82.4324324324;90;40.5405405405;
G24.DE;Scout24 AG;Germany;Communication Services;Internet Content & Information;71.6399993896;63.0691261292;59.9552116394;72.6999969482;272951.436507937;66.442184751;94759340;5467565056;23.55;635663000;3473801000;2838138000;245562000;38756000;-1275000;37481000;24340000;99370000;6788559059.76349;16.4016668387;0.0070067341;0.0068551539;3.0420381906;1.1358964962;BUY;101;45.4954954955;100;45.045045045;89;40.0900900901;
AED.BR;Aedifica;Belgium;Real Estate;REIT—Residential;117.4000015259;94.7111282349;93.8287277222;120;54236.0952380952;102.9319531274;33065066;5820797440;5.233;2059928000;4310723000;2248074000;34932000;0;0;0;44703000;55789000;3881838798.85329;Inf;0.0103701862;0;22.4345502629;1.2395586845;HOLD;40;18.018018018;159;71.6216216216;87.5;39.4144144144;
PHIA.AS;PHILIPS;Netherlands;Healthcare;Diagnostics & Research;38.9350013733;44.6168556213;38.9350013733;49.9311981201;2081682.36507936;45.5185332525;904492346;39081484288;1.296;0;0;1.187e+10;0;0;0;0;3.9e+07;3.827e+09;35216410733.6412;NA;Inf;0;30.0424393312;0.8726522932;HOLD;186;83.7837837838;13;5.8558558559;87.5;39.4144144144;
FPE3.DE;Fuchs Petrolub SE;Germany;Basic Materials;Specialty Chemicals;41.2000007629;45.8482208252;39.594417572;48.3692893982;123803.285714286;42.5524235983;100775000;5461199872;1.583;6.11e+08;2.289e+09;1.677e+09;2.53e+08;4.6e+07;-1.5e+07;3.1e+07;7.1e+07;6.97e+08;4151930076.88522;13.2826086957;0.0310179118;0.0056764082;26.0265323834;0.8986172205;HOLD;179;80.6306306306;19;8.5585585586;86;38.7387387387;
CS.PA;AXA;France;Financial Services;Insurance—Diversified;21.6200008392;18.5490341187;17.2168464661;23.0450000763;5596975.62698413;21.1314861964;1918202194;103071186944;1.25;7.19193e+11;8.04589e+11;7.161e+10;2.8237e+10;5061500000;-1.32e+08;4929500000;867500000;30304500000;41471533044.0993;142.0908821496;0.0010781902;0.0478261689;17.2960006714;1.1655593871;BUY;79;35.5855855856;118;53.1531531532;85;38.2882882883;
UCG.MI;UniCredit;Italy;Financial Services;Banks—Regional;9.8179998398;7.6181564331;7.450551033;10.8579998016;21443642.0079365;9.269055552;2078971107;174573387776;0.307;8.81066e+11;9.42165e+11;6.0659e+10;1.11079e+11;0;0;0;8.87e+08;4.326e+09;20411337995.4389;Inf;0.0009414487;0;31.9804555042;1.2887632232;BUY;16;7.2072072072;180;81.0810810811;84;37.8378378378;
DSM.AS;DSM;Netherlands;Basic Materials;Specialty Chemicals;163.8999938965;146.2962493896;135.1149902344;164.1499938965;347028.984126984;148.3340498909;171981676;31858456576;2.89;6.877e+09;1.4364e+10;7.399e+09;8.71e+08;5.04e+08;-2.11e+08;2.93e+08;5.6e+07;2.08e+09;28187795646.7072;13.6448412698;0.0038986355;0.0091969302;56.7128006562;1.1203294314;HOLD;106;47.7477477477;89;40.0900900901;82;36.9369369369;
FGR.PA;Eiffage;France;Industrials;Engineering & Construction;85.3799972534;77.868057251;71.4194030762;92.1209564209;277473.674603175;85.3654646495;80096310;20646084608;3.8;2.7248e+10;3.3721e+10;5.301e+09;5.192e+09;1.05e+09;-111500000;938500000;191500000;4761500000;6838622727.80891;25.9504761905;0.0056789538;0.0454565608;22.4684203298;1.0964701094;BUY;120;54.0540540541;75;33.7837837838;82;36.9369369369;
NN.AS;NN Group;Netherlands;Financial Services;Insurance—Diversified;39.8800010681;34.7547416687;33.1411628723;42.2299995422;894317.238095238;39.2639464424;279926684;11473744896;5.87;2.24966e+11;2.63738e+11;3.8495e+10;1.2382e+10;1021500000;-11500000;1.01e+09;658500000;4783500000;11163476456.914;220.2310327949;0.0024967961;0.0880270574;6.7938673029;1.1474693568;BUY;87;39.1891891892;108;48.6486486486;82;36.9369369369;
UBI.PA;Ubisoft;France;Communication Services;Electronic Gaming & Multimedia;56.7000007629;84.0999984741;53.4199981689;87.1999969482;478360.214285714;65.4793651823;98424754;7008132608;0.85;3219800000;4884800000;1655700000;1627700000;324750000;-29850000;294900000;4.1e+07;733400000;5580683626.89213;9.9147036182;0.0083933836;0.0420796832;66.7058832505;0.6741974054;HOLD;191.5;86.2612612613;2;0.9009009009;80;36.036036036;
BBVA.MC;BBVA;Spain;Financial Services;Banks—Diversified;5.0900001526;3.9976320267;3.7084918022;5.4310002327;18955471.2063492;4.7129621771;6586361432;-56689819648;0.591;6.68994e+11;7.19705e+11;4.5315e+10;5.495e+10;0;0;0;1.21e+09;4.231e+09;33524580693.879;Inf;0.0016812444;0;8.6125214088;1.2732537959;BUY;20;9.009009009;173;77.9279279279;78.5;35.3603603604;
SRG.MI;Snam;Italy;Utilities;Utilities—Regulated Gas;5.006000042;4.2983808517;4.0936040878;5.0100002289;9066397.73015873;4.6001022392;2025081069;30109700096;0.341;1.699e+10;2.3835e+10;6.821e+09;2.656e+09;2.43e+08;-2.2e+08;2.3e+07;3.13e+08;7.17e+08;10137555916.3898;69.9176954733;0.0131319488;0.0007638734;14.6803520292;1.1646245911;BUY;76;34.2342342342;117;52.7027027027;78.5;35.3603603604;
AT1.DE;Aroundtown SA;Luxembourg;Real Estate;Real Estate Services;6.6779999733;5.544219017;5.544219017;6.8703465462;2305069.8015873;6.2403579477;786075065;18163859456;0.443;14890600000;30836800000;14064700000;2483900000;126700000;-5900000;120800000;132300000;302800000;5249409263.07953;117.5264404104;0.0042903284;0.006650569;15.074492039;1.2044978658;BUY;50;22.5225225225;142;63.963963964;77;34.6846846847;
AKZA.AS;AkzoNobel;Netherlands;Basic Materials;Specialty Chemicals;105.0500030518;86.0410079956;82.2581253052;107.8000030518;501950.246031746;96.7998568217;185501632;21162960896;4.556;7.29e+09;1.3394e+10;5.889e+09;1.197e+09;-3.1e+07;-5.7e+07;-8.8e+07;2.17e+08;2.263e+09;19486947007.7061;-235.1612903226;0.0162012842;-0.0041582083;23.0575072546;1.2209294788;BUY;43;19.3693693694;148;66.6666666667;76;34.2342342342;
BN.PA;Danone;France;Consumer Defensive;Packaged Foods;59.1699981689;53.4672317505;51.4167518616;60.5299987793;1597623.12698413;56.8213647812;640841722;50020159488;2.989;2.6478e+10;4.2776e+10;1.6205e+10;5.93e+08;8.31e+08;-290500000;540500000;470500000;5715500000;37918603517.3238;31.8628158845;0.0109991584;0.0108056433;19.7959177547;1.1066590925;BUY;110;49.5495495495;77;34.6846846847;75;33.7837837838;
EOAN.DE;E.ON;Germany;Utilities;Utilities—Diversified;10.4239997864;8.3386316299;7.9221777916;10.4239997864;8346326.76190476;9.4082957412;2210866350;63163449344;0.865;8.4231e+10;9.778e+10;8.095e+09;2.306e+09;-5.89e+08;-8.4e+08;-1.429e+09;8.01e+08;1.8515e+10;23046070360.108;-143.0067911715;0.0081918593;-0.0226238436;12.0508668051;1.2500851757;HOLD;25;11.2612612613;161;72.5225225225;74;33.3333333333;
RUI.PA;Rubis;France;Utilities;Utilities—Regulated Gas;36.0499992371;38.1643791199;35.4766120911;40.3834609985;240596.333333333;37.7072436923;94529075;4014280448;2.718;2308283000;4928616000;2501051000;1081584000;115081500;-58301500;56780000;70587500;925585500;3407773081.63004;20.0578112034;0.0143219719;0.0141445025;13.2634287112;0.9445980799;HOLD;162.5;73.1981981982;23;10.3603603604;72.5;32.6576576577;
VER.VI;VERBUND AG;Austria;Utilities;Utilities—Renewable;85.0500030518;75.7919845581;58.9713058472;85.0500030518;248056.552;71.052930481;66008980;31350837248;1.784;5.215e+09;12182500000;6227500000;41400000;203700000;-1.69e+08;34700000;144700000;674100000;5614063950.44342;25.6013745704;0.0118776934;0.0011068285;47.6737685268;1.1221503639;HOLD;92.5;41.6666666667;93;41.8918918919;72.5;32.6576576577;
QIA.DE;Qiagen;Netherlands;Healthcare;Diagnostics & Research;43.8600006104;44.6699981689;38.2999992371;46.3699989319;534136.96031746;41.4550792755;226227997;11134344192;1.628;2912834000;5762610000;2849776000;787786000;128627000;-46339000;82288000;129223000;567206000;9922360086.49861;22.6455876293;0.0224243876;0.0073904667;26.9410323159;0.9818670788;BUY;152.5;68.6936936937;31;13.963963964;71;31.981981982;
ENG.MC;Enagás;Spain;Utilities;Utilities—Regulated Gas;18.3050003052;17.2856998444;16.2359237671;19.1620006561;1096560.74603175;17.670557673;227063216;9411290112;1.598;6.091e+09;9.262e+09;3.154e+09;995400000;193500000;0;193500000;92900000;232400000;4156392238.17419;31.4780361757;0.0100302311;0.0205604118;11.4549438706;1.0589678445;BUY;125;56.3063063063;58;26.1261261261;70;31.5315315315;
EBS.VI;Erste Group Bank AG;Austria;Financial Services;Banks—Regional;31.6800003052;24.7671279907;24.7671279907;34.7299995422;730199.728;29.9463396759;254651825;44010962944;1.849;282197137000;304968574000;17608557000;9.271e+09;-6.612e+09;-9.3e+07;-6.705e+09;355106000;1793003000;8067369893.71357;-42.679542801;0.0011644019;-0.1523484048;17.1335858871;1.2791148137;BUY;3;1.3513513514;178;80.1801801802;69;31.0810810811;
DBK.DE;DEUTSCHEBANK;Germany;Financial Services;Banks—Regional;10.5;8.3690004349;8.3690004349;12.5360002518;11409629.1111111;10.6547619048;1804820511;-96743481344;0.517;1.253569e+12;1.317126e+12;6.1915e+10;1.79981e+11;0;0;0;1.002e+09;7.164e+09;18950615365.5;Inf;0.0007607473;0;20.3094777563;1.2546301176;HOLD;15;6.7567567568;164;73.8738738739;67.5;30.4054054054;
RWE.DE;RWE;Germany;Utilities;Utilities—Diversified;30.0300006866;34.5446929932;28.6399993896;35.5481109619;2651214.0952381;31.6295780908;620573856;17528215552;1.797;4.4705e+10;6.4908e+10;1.9364e+10;6.339e+09;1.596e+09;-1.037e+09;5.59e+08;8.95e+08;4.707e+09;18635833321.7943;28.0106516291;0.0137887471;0.031891438;16.711185691;0.8693086574;HOLD;167;75.2252252252;12;5.4054054054;67.5;30.4054054054;
LEG.DE;LEG Immobilien;Germany;Real Estate;Real Estate Services;132.5;114.7643203735;107.5140075684;134.1000061035;139260.380952381;116.9385453482;71987799;15057878016;18.406;8322700000;15849100000;7502100000;773500000;98500000;0;98500000;123700000;256700000;9538383367.5;84.4944162437;0.0078048596;0.0065414263;7.1987395415;1.1545400136;HOLD;65;29.2792792793;112;50.4504504505;66;29.7297297297;
SIE.DE;Siemens;Germany;Industrials;Specialty Industrial Machinery;133.2400054932;124.6474227905;124.6474227905;145.9600067139;1485269.95238095;135.608334617;800552995;131413704704;7.309;8.7063e+10;1.31658e+11;4.0126e+10;2.3639e+10;1.594e+09;-3.63e+08;1.231e+09;2.265e+09;1.4665e+10;106665685451.369;54.6191969887;0.017203664;0.009367364;18.2295807215;1.0689351012;HOLD;113.5;51.1261261261;61;27.4774774775;65;29.2792792793;
ACKB.BR;Ackermans & van Haaren;Belgium;Industrials;Engineering & Construction;139.8999938965;129.2041168213;123.898399353;145.1999969482;22789.9365079365;132.7859124078;22099229;7421394944;6.93;11446575000;16228744000;3562038000;842408000;220589500;-47435500;173154000;86759500;1052168500;3091682002.21701;51.8908424925;0.0053460391;0.0233317323;20.1875893069;1.0827827885;BUY;97;43.6936936937;69;31.0810810811;64;28.8288288288;
AKE.PA;Arkema;France;Basic Materials;Specialty Chemicals;105.5999984741;94.599357605;86.4897155762;109.4499969482;187878.952380952;100.3693897913;55940713;9224343552;4.49;5.649e+09;1.113e+10;5.431e+09;1.494e+09;1.51e+08;-1.27e+08;2.4e+07;1.24e+08;2.226e+09;5907339207.44125;37.4105960265;0.0111410602;0.0026018112;23.5189306178;1.1162866339;BUY;80.5;36.2612612613;85;38.2882882883;63;28.3783783784;
GFC.PA;Gecina;France;Real Estate;REIT—Office;132.6000061035;115.3687896729;107.5179672241;135.5500030518;118643.531746032;121.2207982502;51510967;17040520192;2.1;7748723000;20249624000;12474325000;174123000;130227000;-1268000;128959000;-92116500;228038500;6830354538.59799;59.5016624817;-0.0045490474;0.0075677854;63.1428600493;1.1493576944;HOLD;49;22.0720720721;110;49.5495495495;62;27.9279279279;
EDEN.PA;Edenred;France;Financial Services;Credit Services;48.7000007629;46.2255210876;43.294002533;50.5;380829.158730159;46.339506119;232675797;13894935552;0.97;1.0562e+10;9.428e+09;-1.23e+09;1.125e+09;282500000;-25500000;2.57e+08;6.9e+07;3.74e+08;11331311491.4175;37.3876106195;0.0073186254;0.0184959476;50.2061863535;1.0535305956;BUY;104.5;47.0720720721;53;23.8738738739;61;27.4774774775;
MRL.MC;Merlin Properties;Spain;Real Estate;REIT—Diversified;9.1280002594;7.7554888725;7.1124210358;9.6719999313;866576.182539682;8.6880816808;431939942;10024504320;0.158;6762638000;13522832000;6760194000;320352000;0;0;0;55724000;126105000;3942747902.62097;Inf;0.0041207345;0;57.7721535405;1.1769729039;BUY;31;13.963963964;126;56.7567567568;60;27.027027027;
TEG.DE;TAG;Germany;Real Estate;Real Estate Services;27.8400001526;24.4616451263;22.4376335144;28.6200008392;395738.261904762;25.2505459256;139427627;6873104896;2.475;3890226000;6599250000;2628471000;403543000;46115000;0;46115000;33278000;175980000;3881665156.95497;84.3592323539;0.0050426942;0.0067094858;11.2484849101;1.1381082511;HOLD;54;24.3243243243;102;45.9459459459;59;26.5765765766;
ALV.DE;Allianz;Germany;Financial Services;Insurance—Diversified;210.3000030518;178.4360656738;178.4360656738;222.6499938965;923767.301587302;206.535874503;412037398;83626434560;19.241;9.86626e+11;1.068741e+12;7.8335e+10;2.145e+10;0;0;0;2.566e+09;2.9456e+10;86651466056.8383;Inf;0.0024009559;0;10.9297855128;1.1785734137;BUY;26;11.7117117117;127;57.2072072072;58;26.1261261261;
SOI.PA;SOITEC;France;Technology;Semiconductor Equipment & Materials;189.3000030518;177.8999938965;145.6000061035;193;77218.7063492063;172.6928577726;22766094;6658655744;2.16;892531000;1568031000;675500000;644376000;35928000;-36604000;-676000;25256000;164712500;4309621663.67661;24.8422122022;0.0161068244;-0.000101522;87.6388903017;1.064080998;HOLD;92.5;41.6666666667;59;26.5765765766;57;25.6756756757;
IFX.DE;Infineon Technologies;Germany;Technology;Semiconductors;31.8999996185;32.9188461304;30.4650001526;36.5999984741;4989516.54761905;33.6236033818;1301314464;45685379072;0.299;1.1258e+10;2.1429e+10;1.0171e+10;1.894e+09;5.87e+08;-2.33e+08;3.54e+08;2.56e+08;2.631e+09;41511930905.1879;19.1788756388;0.0119464277;0.0077486497;106.6889619349;0.9690497502;HOLD;121;54.5045045045;29;13.0630630631;56;25.2252252252;
CABK.MC;CaixaBank;Spain;Financial Services;Banks—Regional;2.4419999123;2.1145868301;1.9288796186;2.8710000515;16479611.7142857;2.5289572449;3217681556;-27234369536;0.207;6.28017e+11;6.63569e+11;3.5523e+10;8.1823e+10;0;0;0;4.786e+09;1.889e+09;7857578077.43894;Inf;0.0072125129;0;11.7971010254;1.1548354872;HOLD;35;15.7657657658;113;50.9009009009;55;24.7747747748;
MRK.PA;MERCK AND CO INC;United States;Healthcare;Drug Manufacturers—General;65.9899978638;67.5811538696;58.7662200928;67.5811538696;610.7222222222;63.0319613805;2511244844;189718724608;2.352;6.3808e+10;9.0847e+10;2.6945e+10;6.981e+09;1.791e+09;-1.134e+09;6.57e+08;3.179e+09;1.208e+10;165717041890.962;35.6270240089;0.0349929002;0.0034630214;28.0569718809;0.9764556254;BUY;116.5;52.4774774775;30;13.5135135135;54;24.3243243243;
ACA.PA;Crédit Agricole;France;Financial Services;Banks—Regional;11.4499998093;9.5930976868;8.817565918;12.6040430069;5774840.55555556;11.4244590108;1235467251;-137274957824;0.957;1.9573e+12;2.0315e+12;6.57e+10;2.266e+11;0;0;0;1.045e+09;5.109e+09;14146099788.3033;Inf;0.0005143982;0;11.96447211;1.193566477;BUY;12;5.4054054054;134;60.3603603604;53;23.8738738739;
WIE.VI;Wienerberger AG;Austria;Basic Materials;Building Materials;33.9000015259;28.1905345917;27.1886405945;34.1399993896;220409.16;31.2504837494;111916853;4863008768;1.975;2432304000;4234895000;1802018000;379649000;-119268000;-33800000;-153068000;28431000;796513000;3793981487.47157;-20.3936009659;0.0067135077;-0.0314759868;17.1645577346;1.2025313467;BUY;6.5;2.9279279279;139;62.6126126126;52;23.4234234234;
ATO.PA;Atos;France;Technology;Information Technology Services;41.8300018311;65.3243637085;41.0299987793;65.8947982788;780137.484126984;57.9381544628;91665691;6310442496;5.046;1.1256e+10;1.8127e+10;6.861e+09;3.282e+09;508500000;-6.7e+07;441500000;110500000;2.777e+09;3834376022.37489;22.1356932153;0.0060958791;0.069963398;8.289734806;0.6403430429;HOLD;144;64.8648648649;1;0.4504504505;51;22.972972973;
COV.PA;Covivo;France;Real Estate;REIT—Diversified;77.8399963379;67.7232208252;60.5317955017;81.5999984741;140707.801587302;71.8540123228;60515654;23173294080;6.529;14811591000;27379749000;8582202000;1246147000;154372500;-200618000;-46245500;82751500;213184000;4710538285.74506;95.9470825438;0.0030223615;-0.0019956377;11.9221927306;1.1493841461;BUY;32;14.4144144144;111;50;50;22.5225225225;
HUH1V.HE;Huhtamäki Oyj;Finland;Consumer Cyclical;Packaging & Containers;44.5900001526;41.6342430115;36.8675689697;44.5900001526;234156.893442623;39.4674809565;78320471;5650129920;1.67;2290200000;3746200000;1372200000;271600000;40300000;-3.3e+07;7300000;4.7e+07;801900000;3492309813.84076;56.8287841191;0.0125460467;0.0012920057;26.7005988938;1.0709934162;HOLD;77.5;34.9099099099;62;27.9279279279;49;22.0720720721;
EVT.DE;Evotec;Germany;Healthcare;Drug Manufacturers—Specialty & Generic;34.8699989319;32.5;28.5;39.0200004578;462754.325396825;34.0492858433;125379700;5819120640;0.266;787661000;1580707000;793046000;401597000;2459000;-36297000;-33838000;52702000;133085000;4371990005.08003;320.3176087841;0.0333407773;-0.0058149679;131.0902215484;1.0729230441;BUY;74.5;33.5585585586;64;28.8288288288;48;21.6216216216;
ELE.MC;Endesa;Spain;Utilities;Utilities—Regulated Electric;20.6800003052;20.735868454;19.117641449;22.2506027222;1550070.37301587;20.7682205836;317156154;30080548864;0.983;2.4521e+10;3.2627e+10;7.954e+09;4.74e+08;5.83e+08;-3.92e+08;1.91e+08;4.91e+08;4.668e+09;6558789361.50838;42.0600343053;0.0150488859;0.0063496182;21.0376401884;0.9973057242;BUY;99.5;44.8198198198;37;16.6666666667;47;21.1711711712;
STEAV.HE;Stora Enso Oyj A;Finland;Basic Materials;Paper & Paper Products;17.3999996185;15.5195274353;15.3721895218;18.6499996185;7545.3852459016;16.9383718616;615375948;16821987328;0.85;8.415e+09;1.7609e+10;9.207e+09;1.313e+09;1.32e+08;-1.92e+08;-6e+07;1.44e+08;2.276e+09;10707541260.4527;63.75;0.0081776364;-0.0035667605;20.4705877865;1.1211681342;BUY;42;18.9189189189;92;41.4414414414;46;20.7207207207;
TEF.MC;Telefónica;Spain;Communication Services;Telecom Services;3.7155001163;3.5862150192;3.3523313999;4.1119999886;17197654.8412698;3.7237685294;5408270400;74863558656;0.331;8.3858e+10;1.0301e+11;1.2227e+10;4.94e+09;2.556e+09;-2.184e+09;3.72e+08;8.86e+08;1.0656e+10;20094429300.4429;32.8082942097;0.0086011067;0.0049690398;11.2250758802;1.0360505704;BUY;83.5;37.6126126126;48;21.6216216216;45;20.2702702703;
STERV.HE;Stora Enso Oyj;Finland;Basic Materials;Paper & Paper Products;16.7600002289;14.9649095535;14.3149995804;16.8850002289;1809784.54918033;15.8109094119;615375948;16269954048;0.85;8.415e+09;1.7609e+10;9.207e+09;1.313e+09;1.32e+08;-1.92e+08;-6e+07;1.44e+08;2.276e+09;10313701029.3284;63.75;0.0081776364;-0.0036877793;19.7176473281;1.1199533261;BUY;41;18.4684684685;88;39.6396396396;43.5;19.5945945946;
VIV.PA;Vivendi;France;Communication Services;Broadcasting;28;25.8522815704;24.7946891785;30.5722808838;2341389.34920635;27.8804098916;716284495;38215872512;1.26;2.1691e+10;3.8122e+10;1.5759e+10;9.76e+08;216500000;-1.16e+08;100500000;341500000;4.257e+09;20055965860;100.1893764434;0.0089580819;0.0026297973;22.2222222222;1.0830765526;BUY;59;26.5765765766;70;31.5315315315;43.5;19.5945945946;
TYRES.HE;Nokian Renkaat Oyj;Finland;Consumer Cyclical;Auto Parts;34.8899993896;31.1202278137;28.2349090576;35.4099998474;432905.467213115;31.9539284784;103163744;4848118784;0.86;7.92e+08;2.384e+09;1.592e+09;410400000;-24400000;-17100000;-41500000;35500000;341800000;3599382965.19385;-32.4590163934;0.0148909396;-0.0085600213;40.5697667321;1.121135732;HOLD;36;16.2162162162;91;40.990990991;42;18.9189189189;
TRN.MI;Terna Rette Electrica;Italy;Utilities;Utilities—Regulated Electric;6.6719999313;5.9658703804;5.5048623085;6.6960000992;5580047.88095238;6.0920120686;1388472700;22760286208;0.391;13566500000;18198500000;4593200000;1624500000;67600000;-241500000;-173900000;190400000;621800000;9263889759.06115;200.6878698225;0.0104624007;-0.0076405015;17.0639384433;1.1183615308;HOLD;38;17.1171171171;87;39.1891891892;41;18.4684684685;
ITX.MC;Inditex;Spain;Consumer Cyclical;Apparel Retail;28.0900001526;26.0558738708;24.3831996918;32.5400009155;4278003.69047619;28.8789862981;1107492173;88860311552;0.622;1.2834e+10;2.672e+10;1.3855e+10;7.084e+09;0;0;0;4.21e+08;4.942e+09;31109455308.5599;Inf;0.015755988;0;45.1607719495;1.0780678588;HOLD;58;26.1261261261;66;29.7297297297;40;18.018018018;
COFB.BR;Cofinimmo;Belgium;Real Estate;REIT—Diversified;131.6000061035;117.7495040894;115.6468353271;134.6000061035;46756.4920634921;124.620395176;25228859;6017007104;4.094;2560010000;5431780000;2796999000;37793000;0;0;0;45079000;71024000;3320117998.38474;Inf;0.0082991211;0;32.1446033472;1.1176268395;BUY;37;16.6666666667;86;38.7387387387;38.5;17.3423423423;
TIT.MI;Telecom Italia;Italy;Communication Services;Telecom Services;0.3727999926;0.3537048399;0.3453019261;0.4535629451;118867943.412698;0.4125660674;15448277846;36167868416;0.343;4.3904e+10;7.3726e+10;2.5383e+10;4.37e+09;1.261e+09;-8.74e+08;3.87e+08;-2.16e+08;3.752e+09;5759117866.07432;34.8168120539;-0.002929767;0.0107001053;1.0868804448;1.0539861219;HOLD;69;31.0810810811;54;24.3243243243;38.5;17.3423423423;
GBLB.BR;GBL;Belgium;Financial Services;Asset Management;94;82.8009109497;79.551902771;97.0800018311;156395.563492063;88.4440851968;52877569;20599949312;3.959;9.89e+09;3.0358e+10;18975500000;1273900000;0;0;0;6.8e+07;1.985e+09;4970491486;Inf;0.0022399368;0;23.7433695378;1.1352532106;BUY;23;10.3603603604;99;44.5945945946;37;16.6666666667;
WLN.PA;Worldline;France;Technology;Software—Infrastructure;81.2399978638;73.6200027466;68.5800018311;82.9800033569;570879.46031746;76.2619045197;241133996;28049457152;0.814;9283600000;19668800000;9480600000;1381400000;145200000;-45250000;99950000;55350000;829300000;19589725319.9222;63.9366391185;0.0028141015;0.0035633488;99.8034371791;1.1035044123;BUY;45;20.2702702703;76;34.2342342342;35.5;15.990990991;
SK.PA;S.E.B.;France;Consumer Cyclical;Furnishings; Fixtures & Appliances;149.6000061035;140.2892456055;133.2972106934;156.1999969482;67572.5396825397;147.5882039146;24934451;9707025408;8.481;6323500000;9139900000;2548400000;1437700000;0;0;0;148900000;2012800000;3730194021.78781;Inf;0.0162912067;0;17.6394300323;1.0663683125;BUY;61;27.4774774775;60;27.027027027;35.5;15.990990991
BNP.PA;BNP Paribas;France;Financial Services;Banks—Regional;49.8800010681;43.5432891846;38.9948692322;57.5699996948;3596878.29365079;50.8378488753;1097933450;-384842203136;5.684;2.541891e+12;2.660266e+12;1.13788e+11;3.33381e+11;0;0;0;1.768e+09;1.1331e+10;54764921658.7194;Inf;0.0006645952;0;8.775510392;1.1455267161;HOLD;14;6.3063063063;106;47.7477477477;34;15.3153153153;
ASRNL.AS;ASR Nederland;Netherlands;Financial Services;Insurance—Diversified;32.5400009155;33.0812301636;30.8127479553;37.2899894714;479164.682539683;34.5079589874;137918648;2645008640;3.936;7.0838e+10;7.7151e+10;6.313e+09;6.47e+08;1.78e+08;-3500000;174500000;2.12e+08;2.211e+09;4487872932.18829;397.9662921348;0.0027478581;0.0659733195;8.2672766554;0.9836393857;HOLD;85;38.2882882883;33;14.8648648649;32.5;14.6396396396;
BC8.DE;Bechtle AG;Germany;Technology;Information Technology Services;170.5500030518;173.572479248;149.0383911133;180.907913208;71837.0952380952;160.5340625823;27291600;7226674176;4.755;1484337000;2689955000;1205618000;314446000;20573000;-9744000;10829000;43624000;1510202000;4654582463.28735;72.1497593934;0.0162173717;0.0014984763;35.8675085282;0.9825866623;BUY;86;38.7387387387;32;14.4144144144;32.5;14.6396396396;
SCR.PA;Scor;France;Financial Services;Insurance—Reinsurance;25;26.193271637;23.4636363983;28.3620204926;511140.119047619;25.9905283792;171839176;3903508480;0.627;4.073e+10;4.7007e+10;6.255e+09;2.225e+09;5.14e+08;-3e+07;4.84e+08;4.5e+07;3.729e+09;4295979400;79.2412451362;0.0009573042;0.1239910205;39.8724082935;0.9544435818;HOLD;88.5;39.8648648649;25;11.2612612613;31;13.963963964;
FLTR.IR;FLUTTER ENTERTAIN;Ireland;Consumer Cyclical;Gambling;143.6999969482;160.8000030518;137.6999969482;196.75;295693.603174603;164.3734130859;143944294;28566437888;0.334;5996300000;16992200000;10965100000;603400000;343500000;-18750000;324750000;9700000;1438900000;20684794608.5169;17.4564774381;0.0005708502;0.0113682357;430.2395118211;0.8936566805;HOLD;95;42.7927927928;17;7.6576576577;30;13.5135135135;
FBK.MI;FinecoBank;Italy;Financial Services;Banks—Regional;14.6149997711;13.1350002289;12.875;15.1850004196;2244796.34126984;14.2658333173;609434109;7663599616;0.536;30067892000;31755017000;1687125000;1760348000;0;0;0;78223000;176032000;8906879363.5466;Inf;0.0024633273;0;27.2667906178;1.1126760195;BUY;27;12.1621621622;83;37.3873873874;29;13.0630630631;
UMI.BR;Umicore;Belgium;Industrials;Pollution & Treatment Controls;51.5600013733;48.0995826721;40.743057251;52.7200012207;583565.936507936;48.4010869284;238478658;14570945536;0.54;5719037000;8340893000;2557182000;1010307000;139610000;-122987500;16622500;19815000;5374542000;12295959933.9806;40.9643793425;0.0023756449;0.0011407976;95.4814840246;1.0719428009;BUY;46.5;20.9459459459;63;28.3783783784;28;12.6126126126;
FME.DE;Fresenius Medical Care;Germany;Healthcare;Medical Care Facilities;69.2399978638;65.4758605957;55.3800315857;70.9599990845;717855.206349206;63.8549046592;198578162;33151295488;3.861;19958883000;33158539000;11998075000;1073478000;207648000;-184301000;23347000;248946000;4210125000;13749551512.6713;96.1188309061;0.0075077494;0.000704256;17.9331773799;1.0574889316;BUY;48;21.6216216216;56;25.2252252252;27;12.1621621622;
KBC.BR;KBC;Belgium;Financial Services;Banks—Regional;61.9000015259;59.4355316162;56.5541687012;69.0199966431;576341.341269841;62.9719402677;257025211;-27635185664;4.689;3.2955e+11;3.51818e+11;2.2268e+10;5.5074e+10;2.6337e+10;-1.9e+07;2.6318e+10;5.57e+08;2.009e+09;15909860953.0893;12.5128146714;0.001583205;-0.952336645;13.2011093039;1.0414645893;HOLD;52;23.4234234234;50;22.5225225225;26;11.7117117117;
ENEL.MI;Enel;Italy;Utilities;Utilities—Diversified;8.0810003281;8.0225429535;7.2824559212;8.3414964676;22489606.7777778;7.8652725522;7488572000;139854594048;0.253;1.23106e+11;1.67814e+11;3.1357e+10;5.138e+09;2.549e+09;-2.055e+09;4.94e+08;1.176e+09;1.7107e+10;60515152788.7306;48.2958022754;0.0070077586;0.0035322401;31.9407127591;1.007286639;BUY;62.5;28.1531531532;39;17.5675675676;25;11.2612612613;
SAF.PA;Safran;France;Industrials;Aerospace & Defense;113.5400009155;114.5019454956;102.5933380127;126.5400009155;798674.095238095;118.21737132;346716092;53179252736;0.8;2.6781e+10;3.9531e+10;1.2349e+10;3.747e+09;2.72e+08;-6.6e+07;2.06e+08;3.46e+08;3.902e+09;39366145403.1081;98.4595588235;0.0087526245;0.0038736911;141.9250011444;0.99159888;HOLD;62.5;28.1531531532;35;15.7657657658;24;10.8108108108;
VNA.DE;Vonovia;Germany;Real Estate;Real Estate Services;56.2200012207;53.5519523621;48.9099998474;59.2400016785;1477504.81746032;54.1188303932;565887299;56387166208;5.87;39113100000;64119700000;24333500000;2150500000;299900000;0;299900000;242100000;1087900000;31814184640.5604;130.4204734912;0.0037757507;0.0053185861;9.5775129848;1.0498216917;BUY;44;19.8198198198;52;23.4234234234;23;10.3603603604;
MUV2.DE;Munich Re;Germany;Financial Services;Insurance—Reinsurance;228.6000061035;210.4663848877;210.4663848877;257.1672058105;377992.619047619;238.3862626817;140041103;30691584000;11.31;2.71547e+11;3.00938e+11;2.9296e+10;6.198e+09;0;0;0;5.94e+08;1.4875e+10;32013397000.5431;Inf;0.0019738285;0;20.2122021312;1.0861592279;HOLD;21;9.4594594595;72;32.4324324324;21.5;9.6846846847;
PRY.MI;Prysmian;Italy;Industrials;Electrical Equipment & Parts;29.8999996185;26.8615264893;24.896528244;30.7999992371;951410.777777778;27.6715055496;250692299;10396206080;0.877;8.273e+09;1.1021e+10;2.577e+09;1.152e+09;-3.01e+08;-2.5e+07;-3.26e+08;7.6e+07;2.81e+09;7495699644.46848;-27.4850498339;0.006895926;-0.0313575931;34.0935001352;1.1131161749;BUY;9;4.0540540541;84;37.8378378378;21.5;9.6846846847;
ABN.AS;ABN AMRO;Netherlands;Financial Services;Banks—Diversified;9.3079996109;8.5120000839;7.9720001221;11.2919998169;3924450.07936508;10.1093492508;411203000;73699196928;0.206;3.88797e+11;4.09963e+11;2.1163e+10;6.3735e+10;0;0;0;-5.4e+07;1.924e+09;3827477364.00127;Inf;-0.0001317192;0;45.1844641306;1.0935149811;HOLD;11;4.954954955;74;33.3333333333;20;9.009009009;
GRF.MC;Grifols;Spain;Healthcare;Drug Manufacturers—General;20.7000007629;24.9549350739;18.9694881439;25.102481842;964713.166666667;22.3672381204;552162202;22924402688;0.82;8940868000;16137599000;5423090000;380980000;177669000;-51556000;126113000;129935000;1184734000;11429758002.6663;50.3231739921;0.0080516934;0.0055012557;25.2439033694;0.8294952763;HOLD;74.5;33.5585585586;10;4.5045045045;19;8.5585585586;
KBX.DE;Knorr-Bremse ;Germany;Consumer Cyclical;Auto Parts;96.0599975586;107.5804519653;90.3000030518;113;221866.46031746;102.3851493351;66041872;16181178368;3.29;5460672000;7637769000;2076011000;1989284000;27572000;-36784000;-9212000;169144000;1710723000;6343982063.08496;198.0513564486;0.0221457339;-0.0005693034;29.197567647;0.892913125;HOLD;68;30.6306306306;16;7.2072072072;18;8.1081081081;
EDPR.LS;EDP Renováveis;Spain;Utilities;Utilities—Renewable;19.8199996948;24.3775196075;16.1259021759;24.7250614166;1542106.51587302;19.4120047584;218286394;24772116480;0.61;9538724000;18162555000;7347549000;474384000;225680000;-323262000;-97582000;236880000;413574000;4326436262.46428;42.2665898618;0.0130422179;-0.003939187;32.4918027784;0.8130441494;BUY;64;28.8288288288;8;3.6036036036;17;7.6576576577;
PRX.AS;PROSUS;Netherlands;Communication Services;Internet Content & Information;72.1299972534;93.7399978638;67.6600036621;101.25;1472640.71287129;87.1995048901;401163028;120235499520;3.822;1.2542e+10;5.5728e+10;4.3069e+10;3.571e+09;-113500000;-40500000;-1.54e+08;2.217e+09;1471500000;28935888107.8128;-110.5022026432;0.0397825151;-0.0012808197;18.8723174394;0.7694687316;HOLD;66;29.7297297297;5;2.2522522523;16;7.2072072072;
NESTE.HE;Neste Oyj;Finland;Energy;Oil & Gas Refining & Marketing;52.2200012207;59.5792007446;45.0400009155;59.5792007446;1054375.87704918;52.2032565133;321571825;44268613632;1.155;5.039e+09;1.0657e+10;5.615e+09;1.37e+09;-1.53e+08;-1.63e+08;-3.16e+08;3.75e+08;3.132e+09;16792481094.0437;-32.9346405229;0.0351881393;-0.0071382403;45.212122269;0.8764803919;BUY;56.5;25.4504504505;14;6.3063063063;15;6.7567567568;
LXS.DE;Lanxess AG;Germany;Basic Materials;Specialty Chemicals;60.6800003052;61.1433143616;56.5999984741;66.120552063;249654.531746032;61.0496703254;83880253;6391497728;10.25;5.788e+09;9.118e+09;3.332e+09;1.588e+09;3.2e+07;-7e+07;-3.8e+07;6.4e+07;1.693e+09;5089853777.63822;180.875;0.0070190831;-0.0059453983;5.9200000298;0.9924224903;BUY;34;15.3153153153;36;16.2162162162;14;6.3063063063;
AGS.BR;Ageas;Belgium;Financial Services;Insurance—Diversified;43.0099983215;42.4737930298;40.2108078003;51.25;425695.158730159;47.1125724732;175613570;15248390144;5.231;96672200000;110668400000;11724100000;1950700000;0;0;0;295900000;3439700000;7553139350.93845;Inf;0.0026737533;0;8.2221369378;1.0126243797;HOLD;28;12.6126126126;41;18.4684684685;13;5.8558558559;
ORP.PA;ORPEA;France;Healthcare;Medical Care Facilities;103.9499969482;116.3152084351;95.9476470947;116.5631027222;144603.079365079;105.4906702193;55181239;16553080832;2.44;13476543000;16966502000;3495140000;888836000;185991000;-100647500;85343500;43514000;1009119000;5736089625.65022;72.4580382922;0.0025647007;0.0051557472;42.6024577657;0.8936922209;HOLD;46.5;20.9459459459;18;8.1081081081;12;5.4054054054;
TMV.DE;TEAMVIEWER AG  INH O.N.;Germany;Technology;Software—Application;29.1700000763;35.6399993896;27.6900005341;40.0299987793;946460.845238095;33.1677381652;160064000;6146298880;0.47;1213358000;1472106000;258748000;437330000;33981000;-3859000;30122000;3246000;118330000;4669066892.21191;35.706953886;0.0022050043;0.0049008355;62.0638299496;0.818462418;HOLD;55;24.7747747748;9;4.0540540541;11;4.954954955;
IBE.MC;Iberdrola;Spain;Utilities;Utilities—Diversified;10.2950000763;11.4532241821;9.773809433;11.4532241821;12917926.2063492;10.7070333466;5667404554;114667126784;0.496;7.8252e+10;1.29503e+11;3.6625e+10;3.417e+09;0;0;0;1324600000;8663700000;58345930315.8186;Inf;0.0102283345;0;20.7560485409;0.8988735323;HOLD;39;17.5675675676;20;9.009009009;10;4.5045045045;
ZAL.DE;Zalando SE;Germany;Consumer Cyclical;Internet Retail;97.9000015259;94.7200012207;80.3000030518;104.6500015259;677034.611111111;92.0019046844;167879464;24063600640;1.323;4321200000;6554100000;2233100000;2123900000;-102900000;-16100000;-1.19e+08;34500000;2237800000;16435399781.7637;-41.9941690962;0.0052638806;-0.0049452283;73.9984894376;1.0335726379;BUY;10;4.5045045045;47;21.1711711712;9;4.0540540541;
ANA.MC;Acciona;Spain;Industrials;Engineering & Construction;127;124.7880706787;119.1643753052;141.756149292;110343.746031746;130.0668132721;23630749;13381905408;7.308;1.4292e+10;1.8299e+10;3.613e+09;1.862e+09;-5.9e+07;-8.86e+08;-9.45e+08;9.7e+07;1.853e+09;3001105123;-242.2372881356;0.0053008361;-0.0706177462;17.3782156541;1.017725487;HOLD;8;3.6036036036;44;19.8198198198;8;3.6036036036;
EDF.PA;EDF;France;Utilities;Utilities—Diversified;10.9149999619;11.8586387634;9.5615177155;12.1825914383;3018210.28571429;11.1536884384;511257468;81836171264;0.048;2.50665e+11;3.05891e+11;4.5633e+10;6.27e+09;3673500000;-4.266e+09;-592500000;675500000;17160500000;5580375243.71708;68.2360146999;0.002208303;-0.0072400748;227.3958325386;0.9204260438;HOLD;29;13.0630630631;21;9.4594594595;7;3.1531531532;
FR.PA;Valeo SA;France;Consumer Cyclical;Auto Parts;23.7199993134;31.005115509;23.7199993134;32.7556419373;913923.198412698;28.2017830894;199106004;10054093824;0.895;1.4865e+10;1.8847e+10;3.226e+09;2.951e+09;0;0;0;6.3e+07;4.689e+09;4722794278.16476;Inf;0.0033427071;0;26.5027925289;0.7650350248;HOLD;30;13.5135135135;4;1.8018018018;6;2.7027027027;
EN.PA;Bouygues;France;Industrials;Engineering & Construction;31.9699993134;33.4225234985;30.8882026672;35.4099998474;962649.357142857;32.8065053395;227059256;18209325056;2.466;2.8962e+10;4.0939e+10;1.0486e+10;3.877e+09;-5.69e+08;-4.93e+08;-1.062e+09;2.1e+07;7.752e+09;7259084258.41078;-50.8998242531;0.0005129583;-0.0583217663;12.9643144012;0.9565405591;HOLD;2;0.9009009009;26;11.7117117117;5;2.2522522523;
EDP.LS;Energias de Portugal;Portugal;Utilities;Utilities—Diversified;4.4000000954;5.116850853;4.3015389442;5.116850853;6970529.61111111;4.683526304;2816190504;37541941248;0.22;29170376000;42460033000;9783393000;1379467000;251163000;-1115593000;-864430000;0;0;12391238486.1729;116.1412150675;0;-0.0230257139;20.0000004335;0.8599039178;HOLD;6.5;2.9279279279;11;4.954954955;4;1.8018018018;
TKA.DE;ThyssenKrupp;Germany;Industrials;Metal Fabrication;8.5220003128;9.6059999466;7.6999998093;11.9499998093;2927514.52380952;10.1733174438;397922289;1508029696;16.945;2.5719e+10;3.6134e+10;9.976e+09;9.742e+09;-4.76e+08;-3.17e+08;-7.93e+08;-2.11e+08;8.577e+09;3391093871.33015;-54.031512605;-0.0058393757;-0.5258517137;0.5029212342;0.8871538997;HOLD;1;0.4504504505;15;6.7567567568;3;1.3513513514;
ACS.MC;ACS Group;Spain;Industrials;Engineering & Construction;21.5100002289;26.9066696167;21.5100002289;26.9181594849;888450.873015873;24.7235157679;230664840;11442039808;2.004;3.2753e+10;3.7323e+10;3.727e+09;6.318e+09;-9.83e+08;0;-9.83e+08;1.95e+08;6.389e+09;4961600761.19499;-33.3194303154;0.0052246604;-0.085911255;10.7335330483;0.7994300497;HOLD;5;2.2522522523;7;3.1531531532;2;0.9009009009;
ALO.PA;Alstom;France;Industrials;Specialty Industrial Machinery;35.6199989319;48.6800003052;35.6199989319;48.6800003052;1206471.58730159;43.5658728887;284964192;15338273792;0.937;1.9449e+10;2.8566e+10;9.039e+09;1.25e+09;-146500000;-86500000;-2.33e+08;38500000;2633500000;10150424214.6654;-132.7576791809;0.0013477561;-0.0151907577;38.0149401621;0.7317173112;HOLD;4;1.8018018018;3;1.3513513514;1;0.4504504505;
