"Ticker","Signal","Final_rank","Quality","Momentum","PER","MCap","ROA","FCF2EV","FCF2D","MomentumValue"
"BELU.BR","BUY",850,871,709,1.93333339691162,NA,0.23527001,0.0837960636797206,0.183784509975146,1.23418573296552
"PAY.BR","BUY",844.5,844,721,14.9105367793241,44823247.5,0.10104,11.1958598623427,0,1.54157768512116
"TELIA1.HE","HOLD",839.5,764,762,26.0000008803148,8364132218.05495,0.025999999,1.11745800485044,0,5.86057345221971
"DQ5.IR","HOLD",839.5,843,683,14.8541111528715,224307839.38006,0.08525,8.36722434290227,0.232673633678686,0.897793501442893
"ALMIC.PA","HOLD",838,799,725,36.2857137407575,68248732.1750069,0.053000003,8.50538223920555,0.818250463354918,1.63874348268472
"ORDI.AS","HOLD",837,818,699,13.9563106796117,223990485.25,0.06856,8.4107746155859,1.11096061198418,1.08656183815248
"DIGIA.HE","HOLD",834,777,731,24.495113944386,118763976.338771,0.062179998,10.3718936830763,1.4420276852915,1.80893675748483
"ALNOV.PA","HOLD",833,737,767,16.4429533401592,641658471.888433,0.49168998,44.8608579048164,0.162374040199746,11.5072465858848
"GTT.PA","HOLD",831,806.5,685,14.5883214124594,1733433305.20683,0.38147998,23.992776031942,0.0568220697653624,0.900443725696906
"VBK.DE","HOLD",828,740,744,23.4530181535061,180362381.682266,0.14297,30.5607251872122,0.770134530617596,2.43055806608111
"ALREW.PA","HOLD",827,837,640,6.87635591386973,141626572.078596,0.08392999,3.42373419147986,1.71305922706878,0.640884045581418
"ASM.AS","HOLD",822,736,733,28.5770997218107,8117142354.04202,0.10735,39.7743590319837,0.0706335224790082,2.03507029329105
"MMO1V.HE","HOLD",818.5,693,752,29.7129805851667,173940779.98658,0.107159995,23.8320630944984,2.4922326848621,3.20153360063561
"KNEBV.HE","HOLD",816,765,660,36.7182315383827,23577457472.086,0.09049,24.2420854581118,0.370677065806809,0.748311530455427
"EQV1V.HE","HOLD",815,738,686,31.0185185185185,138378131.75,0.23155001,44.1510689596689,0.15243716291849,0.901336022975882
"DQ7A.IR","HOLD",813,769,649,26.8389662027833,28640101.5,0.029949998,1.91579884303604,0.114450725225778,0.699346384044143
"ZENT.BR","HOLD",812,780,637,14.1374832925166,28796730.7921944,0.06404,11.6600645472796,1.05918528118726,0.618759393818069
"ALTXC.PA","HOLD",811,774,641,13.3228840125392,1930673,0.0733,8.46321171665676,2.93595467418702,0.642933157519948
"ALDNX.PA","HOLD",810,850,563,11.864904440097,NA,0.08287,6.74777393831746,0.236103342483449,0.36659437442156
"RM.MI","BUY",809,720,690,24.2500007152557,153358513.843322,0.06079,12.2746074927232,2.28374698757472,0.951877024718632
"SCANFL.HE","HOLD",808,801.5,603,9.7168405080872,108148458.923625,0.07611,11.351141418199,1.16873450344621,0.484661335343332
"CE2.DE","HOLD",806.5,703,701,12.6326959857009,266856777.445564,0.10712,47.2941957563941,0.449179951829338,1.10325935719638
"SPEL.PA","HOLD",806.5,762,642,4.10353535353535,16187743,0.03429,1.65486726700344,1.08250970056373,0.66666662712793
"HOLCO.AS","HOLD",804,857,546,11.5581725002726,32512744,0.10729,6.50300695679301,0.130775230073311,0.324835385007598
"DVT.PA","HOLD",803,841,559,18.9651657107601,162431660.437798,0.08207,6.5070306504618,0.726292627887392,0.36298015632094
"ORNBV.HE","SELL",802,783,611,21.9988269515222,4722442718.24753,0.18566,23.0059791436898,0.48598968841067,0.511037118871921
"WUF1V.HE","HOLD",801,718.5,672,11.8248175530538,5359339.09577489,0.056199998,9.83861001823614,3.08074341364994,0.850717117771636
"SO.PA","HOLD",799,731,656,31.2162175908819,1017133746.99142,0.088640004,26.8643612829066,0.71115561398474,0.721442448428051
"VALMT.HE","HOLD",797.5,776,608,16.4739073415737,3087059260.81888,0.05228,8.94468674029911,1.2558846332813,0.495171882645091
"UPR.IR","BUY",797.5,689,695,24.2857154534788,504050996.976998,0.03979,8.78027608711073,2.03828237686505,1.04462583495757
"NEDAP.AS","HOLD",794.5,805,575,13.9879319802523,302247216,0.08794,14.6065652979798,0.757194342683024,0.404167152621587
"ALSTW.PA","HOLD",793,633,746,37.101449828217,NA,0.057340004,30.0757390336228,1.04208416833667,2.60708526262977
"ABCA.PA","HOLD",790.5,820,556,11.8821607674007,243609206.040127,0.1325,17.2826421638077,0.111559336608346,0.351664806844722
"ORNAV.HE","SELL",789,784.5,591,21.9226269202104,4706085015.00309,0.18566,22.9241142344766,0.48598968841067,0.454613782367886
"ALTIA.HE","BUY",786,760,612,16.3338781378663,224171089.037697,0.04868,6.48134491599253,2.17548226509023,0.511248996421524
"OLVAS.HE","BUY",785,705,664,22.5791433891993,706271695.5,0.089870006,45.6141462781162,0.162886991878414,0.761663084304001
"UNIAV.HE","HOLD",784,803,564,16.4615381681002,NA,0.14066,19.5679194264254,0.489586889723455,0.375000017530777
"VETO.PA","BUY",783,800,566,32.2779916888498,324357293.279785,0.06604,13.4601966516767,0.148107296788836,0.378571127697606
"BC8.DE","BUY",781,630,729,39.9820694523721,4868821273.42529,0.07006,27.1447963005768,1.93376327458251,1.70598915767141
"SAA1V.HE","HOLD",780,825,532,13.2497586992461,586106057.296606,0.09237,9.04862514721595,1.46838878723529,0.28966539904175
"DWS.DE","HOLD",778,828,525,12.1043475607167,1427426368.70575,0.04913,3.81418092909535,0.244498777506112,0.278336099583027
"ETTE.HE","HOLD",778,747,606,20.8870964665567,54911599.2912312,0.06274,11.4770142403289,2.05519126750016,0.489755145600454
"ALNSE.PA","HOLD",778,833,520,7.62081796204143,NA,0.05998,3.46424674410419,0.881115804294263,0.268431792439493
"ATE.PA","HOLD",774,806.5,543,21.220797417746,2588864699.73674,0.06846,11.532469240217,0.754623412759793,0.310511654361792
"ALWEC.PA","HOLD",770.5,684,657,21.6530854266237,6708406.33758354,0.035099998,6.61980302602436,2.0697614324267,0.725914011724043
"NEA.MC","BUY",769,694,643,8.34752997507229,34073209.063158,0.0505,10.1426482386651,2.9167368953312,0.670542030271672
"DOY.IR","HOLD",766,791,538,11.4742698191933,17605681.5,0.04715,9.84977089323443,0.00612560848461634,0.301938520410604
"SMAR.BR","HOLD",764,676.5,647,17.688679245283,NA,0.06469,24.4671565784222,1.1268325129706,0.691775625368885
"RBT.PA","HOLD",763,612,711,38.9431559017169,641813330,0.06815,32.6667026369512,1.78432876029428,1.27774109134188
"FAE.MC","HOLD",762,746,568,13.2699620134477,955285256.080404,0.115,29.7281447376842,0.603001995169206,0.381417216929376
"ENX.PA","HOLD",761,642.5,671,21.2617928127073,6269323011.81456,0.10682,21.4930591636188,4.09783144760278,0.850594287297055
"ALWED.PA","HOLD",760,685,628,39.8328696120748,NA,0.02774,6.09796472225356,0.963706796043477,0.571395309450288
"IVU.DE","HOLD",758.5,569,743,25.298013750291,211551050.325148,0.05046,38.4332510668897,0.883900517421957,2.42260571356303
"MRK.PA","HOLD",755,675,630,14.5318027941161,164843141419.509,0.11264,21.7226861246483,3.32198663151447,0.57422909845983
"PERR.PA","BUY",754,734,567,22.2222222222222,103979619,0.06688,15.9518159462851,1.43395823602868,0.381274875361348
"ALFRE.PA","BUY",753,570,727,31.8796975272042,22310692.2356339,0.02696,10.1128493994346,1.58066665466136,1.67333348592122
"KRX.IR","SELL",750,596.5,696,30.4025431810799,8718891418.37652,0.061890002,25.5236635196305,2.41847575057737,1.06712991359934
"SU.PA","BUY",747,617.5,668,30.0253814852177,62738336250.1463,0.05035,16.6538509977863,2.64767454597749,0.806512545766728
"HBH.DE","HOLD",746,744,537,6.42082050650585,705378471.247467,0.05967,6.16658572368601,3.96582583977075,0.296289865639181
"HARVIA.HE","HOLD",744,519,758,36.5671641791045,331305243.5,0.085939996,32.2576957552046,4.44340537875535,4.52058159041267
"EURN.BR","SELL",742.5,842,434,2.05479449085696,1203872797.80451,0.11507,3.66044007276509,1.88206900845838,0.115019820203305
"VALUE.AS","BUY",742.5,704,572,25.0485429486025,14754859.6036797,0.023540001,3.36908276678685,0.284927424397642,0.386507021737635
"DLTA.PA","HOLD",740,653,618,17.9013914163737,136937755.102554,0.07775,16.5205918801022,4.09145940463657,0.536273105503327
"UPONOR.HE","HOLD",739,808,461,16.2142855780465,776777358.913193,0.09026,10.9151046319723,1.71082310548491,0.164491847414104
"ACT.DE","HOLD",738,527,741,13.6392604324603,138939540.323307,0.0444,75.7379266300586,0,2.39004680035769
"HBM.DE","HOLD",737,711.5,555,5.72433630269596,267703551.694927,0.05564,5.914791966236,4.68774164531029,0.349936832016825
"CAMB.BR","BUY",735.5,786,480,6.17283950617284,9937440,0.06358,8.23701750011544,1.75278201043543,0.200186109792187
"ALNT.MC","HOLD",734,836,429,21.0776548189142,235136515.472085,0.08695,9.26404572936133,0.447033820673482,0.10677106422377
"MMK.VI","HOLD",732,722,540,20.6844678450545,1.419e+09,0.05816,15.7871033348149,1.30538899774049,0.303879808851019
"WKL.AS","HOLD",731,606.5,653,25.1035978039236,18307568615.1116,0.075229995,22.7309970837431,3.57176402423085,0.709657590227096
"CWC.DE","HOLD",729.5,814,442,17.2800298897814,472824480,0.07742,10.7471817607604,1.17348933738382,0.125307494168165
"SWP.PA","HOLD",729.5,767,489,24.1339494853501,194219428.31328,0.051030003,10.6441956283899,0.901775220608665,0.219037609917782
"EUR.PA","HOLD",727,854,400,12.4596770732634,19877512.1278639,0.29381,11.6996925065759,0,0.0635931918354873
"CONSTI.HE","BUY",720.5,732,511,15.0674665528259,24499257.3149614,0.03791,4.98591186039633,1.74741200828157,0.257919843910574
"BNR.DE","BUY",718,692,542,21.0431894194644,9786030023.57483,0.05046,11.527883319288,2.48630059694508,0.309289358279226
"EIN3.DE","HOLD",717,834,398,12.2747611561253,169698053,0.07061,6.72819613495309,0.636707236046607,0.0530762678811865
"CBAV.MC","HOLD",715,748,481,17.9617839254391,23322570.9309826,0.10139,13.6958487319169,2.92812381757019,0.201383612897082
"TOKMAN.HE","BUY",714,502.5,724,15.9059743105957,417644268.993843,0.064477995854341,19.4505063335474,6.22701535228533,1.61720412578334
"TINC.BR","HOLD",712,743,475,23.5454541986639,420644250.704515,0.051009998,18.7427011813149,0,0.195206089607349
"LIGHT.AS","BUY",710.5,687.5,527,15.3671556650186,4371866315.07596,0.04788,8.58672052720806,3.30254614585374,0.28384691420361
"REN.AS","HOLD",709,795,419,18.4099271016962,38282630509.2512,0.07585,18.8852879921645,0,0.0911376516244458
"RES.BR","HOLD",706,795,415,14.6216768916155,117571025,0.052989997,7.54600175596329,1.14933767189099,0.0820887485237576
"DLG.MI","HOLD",705,709,498,19.9535609029764,1196916836.57966,0.0728,15.3987866739928,2.71957011955709,0.231799984662908
"COLR.BR","HOLD",704,701,504,13.6804970987025,6120202843.63556,0.071550004,23.933781551004,1.10398619775631,0.244029746030876
"VIRP.PA","HOLD",703,542.5,662,27.803738317757,993156626,0.05929,20.6882634822268,4.05318915155102,0.757085020242916
"SAP.DE","SELL",699.5,741,456,26.1959445933797,112111549228.394,0.06367,13.892092681873,1.4787052526394,0.155591863849144
"TIE.AS","BUY",699.5,616,581,3.5393818068956,6996183.70602703,0.01773,5.47661400359066,0.300718132854578,0.422973835416935
"VIS.MC","HOLD",697,724.5,468,22.2840688050136,2180902190.08684,0.08733,23.8508066958394,1.18020254219629,0.17468853920448
"VID.MC","BUY",696,657.5,534,19.5549148003047,1714967536.37463,0.07454,21.5615598898019,2.71151795858436,0.293097461207091
"FPE3.DE","BUY",695,727,464,28.3170723333591,4679990861.6066,0.08884,34.0743381621628,0.320641296273242,0.167137010944307
"XIL.PA","HOLD",694,730,459,36.9479483234393,NA,0.04158,9.10572627845108,1.09226278451079,0.162162247083597
"NBA.LS","HOLD",691,592.5,593,4.26294825783131,34034494.0644588,0.0223,3.707871253546,1.91766419496709,0.462247161799761
"AUB.PA","BUY",688,798,381,17.4365474487924,241074094.441124,0.072129995,12.0765739919224,0.874445904143986,0.0312595539655838
"PSAT.PA","HOLD",684,779,391,21.1340209462798,13686714.5122385,0.03661,3.73883865096969,0.507308195416027,0.0452962089284523
"LEI.DE","HOLD",683,531.5,635,34.3059936908517,312130204.5,0.04974,65.1415713514486,0.217563433507288,0.612226571454149
"TGYM.MI","HOLD",682,714,452,29.0566030538307,802723409.315929,0.098950006,25.6417805958478,1.47755288265078,0.143270772442905
"DOV1V.HE","HOLD",679,726,438,9.6206901402309,10783869.762704,0.03562,6.53022935668248,1.23191049495318,0.120507453061895
"ALP.PA","HOLD",679,835,329,9.77616878306105,13111332.6368065,0.06454,2.30349054726368,1.06802971444149,-0.0368116025657921
"ALTEV.PA","HOLD",677,529,634,24.3416685107325,37417930,0.06469,40.9755688359303,2.14042163153071,0.601795158170095
"RAND.AS","HOLD",676,661.5,501,38.5238796515679,5354365656.04399,0.03171,10.3714798203465,0.77500381640878,0.237558740173807
"ALMA.HE","HOLD",675,600,562,7.43953300775141,170713583.940136,0.071729995,35.4776127145582,2.01907183725366,0.365513892466897
"KAMUX.HE","HOLD",672,479,679,24.0282692252115,300669189.233543,0.0959,40.4928341186586,5.04901117798796,0.879801717725206
"SUY1V.HE","BUY",670,682,474,13.5106380949629,146966399.312786,0.06342,12.282985061686,3.478766640776,0.190756087235383
"AD.AS","HOLD",665.5,552.5,597,12.824639628386,24460569267.271,0.04472,10.3721048879082,5.26804494516902,0.471935072122386
"ALFOC.PA","HOLD",665.5,547.5,602,26.4197518305523,NA,0.1491,371.503553381295,1.91194244604317,0.484185226834189
"UCB.BR","SELL",664,559,589,21.4144495201353,10220203598.4344,0.0602,22.2849310802748,3.63785511723831,0.450698880889667
"SIS.DE","HOLD",662,457.5,684,10.2356223779779,71433141.4979782,0.1492,47.4255545507246,6.15211594202899,0.899865806544897
"SK3.IR","HOLD",661,554,587,21.5158376219046,8944979161.6832,0.058080003,15.9010258046347,5.04834289977267,0.442269727155761
"WIE.VI","HOLD",659.5,624,515,34.0469972894335,2956073920.79236,0.046,10.2189765765572,4.01362405280408,0.263294791694746
"HAW.DE","BUY",655.5,809,326,15.8026459645833,86560485.8941269,0.0769,7.81279252329158,2.16577221505288,-0.0382571210881454
"HONBS.HE","HOLD",653.5,713,420,9.95348886001942,10961354.4573326,0.06925,13.8002656167979,2.57217847769029,0.0912602734717582
"IXX.DE","BUY",651.5,471,661,26.1998420433207,201505388.283291,0.055949997,26.6299941251789,4.35294117647059,0.755411647130042
"ALHIO.PA","BUY",648.5,782,347,8.55813969013303,5139421.85323191,0.058930002,7.20711116874538,1.95925322191908,-0.0181159001215585
"FPE.DE","HOLD",647,749,378,23.079267362269,3814333596.22955,0.08884,27.6935223275788,0.320641296273242,0.0289937181882909
"EVLI.HE","HOLD",646,500,626,17.6046173293869,62834439.817646,0.018170001,5.17725462068965,2.28505747126437,0.562546793053686
"REC.MI","HOLD",645,586.5,539,24.3447915311787,4493088295.07327,0.1108,33.6438419870525,3.77639402827322,0.302849657586074
"NESTE.HE","HOLD",644,375.5,745,27.7616141939991,24952070856.2026,0.12393,224.010865813041,6.25107189226491,2.44302293544576
"ICP1V.HE","BUY",642,383,736,17.3402262809581,49111669.5808525,0.10281,42.3400804166433,10.0805286442292,2.06138943259537
"UNA.AS","HOLD",639,638.5,478,22.0288882785373,129141284772.864,0.09222999,21.2026466677087,3.93114857169649,0.198679867868345
"HLAG.DE","HOLD",637,421,693,26.7151167226392,646240810.72998,0.03785,17.1843735814165,4.80537865946793,1.01839392329772
"TRI.PA","HOLD",636,771.5,342,20.0193561526003,1170712803.07356,0.06728,13.4405850597391,1.05779223720614,-0.020013195729883
"BESI.AS","HOLD",634,507,605,32.0284249554617,3514274755.14679,0.110769995,40.2242599079415,4.79703995804929,0.485773379023978
"UFF.PA","BUY",629,754.5,349,36.4150929001142,77243325.4465294,0.029140001,3.45203491029018,0.202478389601747,-0.0171810155344549
"SIILI.HE","HOLD",628,716.5,385,16.3378545006165,92748622,0.05055,10.5443215827544,2.1211653372216,0.0352621496249415
"SII.PA","HOLD",621,778,315,25.5885363357216,209022800,0.044949997,6.35909001063259,1.19097422631476,-0.0593688828655251
"ELISA.HE","SELL",620,467,623,22.1143415139895,4772188311.73966,0.08769,33.6907819241953,6.2222662253044,0.549746330668988
"PAH3.DE","BUY",619,795,292,13.0344352960201,8635386636.82684,0.123848055742864,23.4364524692737,0.0516759776536313,-0.0857680202294383
"O4B.DE","HOLD",617.5,735,350,21.0035005834306,62294202,0.04459,11.4097485800315,0.821734072401286,-0.0137798288209736
"BASS.PA","HOLD",616,771.5,313,8.07011151413903,NA,0.07588,8.43304590479656,3.16065894943769,-0.0634712635794595
"G24.DE","SELL",614.5,391,692,3.01687302820058,5708592470.42462,0.029260002,27.9944183125657,1.58440355144072,1.00904651583481
"ELEC.PA","HOLD",608,617.5,460,14.8055207026349,89945382,0.03398,16.957260345727,0.445719057633809,0.163550296136973
"UUTEC.HE","HOLD",607,560,517,22.222223105254,4426797.77590513,0.04285,22.3443524258203,1.62658070914952,0.265541572635886
"ALGEM.PA","BUY",605,635,440,20.8685153643674,21676656.8440475,0.063990004,24.6962657735132,1.77115959083914,0.121286163077973
"NRO.PA","HOLD",602,827,245,19.9658699816811,175633985.536793,0.05959,6.78180962869432,0.608549134180199,-0.154211799940351
"MAR.LS","HOLD",601,555,516,1.94029843629296,6602831.18780959,0.02404,2.78134067526133,3.16654692417373,0.26380366303447
"SOF.BR","HOLD",598,365.5,702,22.2579349136199,4172271504,0.03666,425.167140602505,0.723507409985865,1.12544412230849
"WAF.DE","HOLD",597,557,509,23.7222233525029,2491504639.11145,0.080249995,95.8991444628099,1.45730027548209,0.255136720350927
"HEIJM.AS","HOLD",596,690.5,372,6.66428565979004,186283300.956711,0.027590001,2.69071479184357,1.47919870103045,0.0195638125575679
"ABO.BR","HOLD",595,707.5,354,21.7910453454772,NA,0.037550002,5.74074118892754,2.27499621842384,-0.0057142802647181
"WAVE.PA","HOLD",593,813,247,20.5394196147576,261742245.723686,0.08935001,10.8378579692765,1.58833216508601,-0.153713057214292
"AKZA.AS","HOLD",589,476.5,578,31.3226383637617,16740924820.3369,0.04168,21.1443969635015,3.38937921908258,0.412593645074059
"FLEXD.LS","HOLD",587.5,687.5,366,19.4354845631507,3804503.25549507,0.04429,19.9113766160861,0.105021967887359,0.0109813735613307
"GUI.PA","HOLD",585.5,377,676,37.5438614895469,35031998.597291,0.01474,12.1602488266547,1.62245387939714,0.869229258729385
"V3V.DE","HOLD",578.5,585,463,26.2004179347283,24836939.8274717,0.03198,12.3304091178602,1.5165689439357,0.167029123929723
"CEN.PA","HOLD",578.5,758,290,22.7769679300292,130815562.5,0.03478,3.65764751991723,1.04789919264836,-0.0874094198215418
"VERK.HE","HOLD",576,715,332,24.7222218248579,110452074.064686,0.0758,20.9701490094523,1.50732444214252,-0.0314370440812626
"VRLA.PA","HOLD",576,619,428,27.5616691053705,539669098.326683,0.061329998,12.7468532581234,4.7923461033067,0.104952032499328
"BDL.MC","HOLD",573.5,640.5,405,22.1694378463975,30889824,0.0788324272134803,56.9610665005451,0.67357109484504,0.0727272727272725
"PSAN.DE","HOLD",573.5,491.5,554,29.3975899018437,256801407.185165,0.03721,25.3319171408901,1.55483707919023,0.348029687364702
"AKE.PA","HOLD",569,649,393,22.8886168910649,5569330398.5,0.04349,9.64746302217982,3.24985586150651,0.0472538925683748
"CTAC.AS","HOLD",569,788,254,21.3432827992226,13397017.4286003,0.044970002,3.83231471091022,1.29961930131829,-0.138525949875014
"HCO.PA","BUY",569,628,414,14.5151513995546,37953512.0077429,0.030299999,2.92427339820015,3.14803781852741,0.0817427134899742
"TEXF.BR","HOLD",569,521,521,13.8939670932358,39260498,0.04082,33.6438762988314,0.759720038232664,0.275575389765448
"SIEVI.HE","BUY",563,845,184,9.00000035762787,15639942.8614755,0.07677,8.72081929909464,0,-0.252859520648015
"SCT.LS","BUY",559.5,603.5,421,19.8675496688742,3657150,0.01736,2.39802455898308,0.961274590372792,0.0916442129063755
"NWO.DE","BUY",556,664,357,36.963696369637,782139680,0.11206,44.799173464079,1.3157634702743,0.000860218836439941
"IFA1V.HE","BUY",555,513.5,507,26.0204076766968,22870629.5473307,0.02902,10.7586308491428,2.82658225026194,0.251336849306135
"INF.PA","HOLD",553,781,236,22.8255135672433,169008297.222099,0.06874,10.9308325284739,1.42808313314511,-0.163467281478485
"BIG.PA","HOLD",551.5,493.5,522,24.2077914151278,246651741.52359,0.03607,14.3107789906059,3.56478910736698,0.276010014555641
"ZOT.MC","HOLD",548,826,186,19.1638796624531,1039117516.98892,0.198270511228981,16.1503622368476,0.168045548082865,-0.25042500280185
"GLOG.BR","BUY",545,436,573,7.21568640540628,17973672.3260522,0.03541,32.1743609114586,1.55876242531437,0.399267365038055
"PNL.AS","BUY",544,756.5,252,28.7628862046704,1309351479.57756,0.05019,5.26130866818903,2.82176367001609,-0.14538863518064
"ELE.MC","HOLD",543,375.5,631,15.7172998463219,7074560052.74857,0.04527,24.0332569925031,5.9278687281357,0.582005212513822
"AZK.MC","HOLD",539,839,165,12.1167883675754,42666409.1234131,0.0977187213168564,6.42791001409067,1.2333705845197,-0.296009360767187
"HUH1V.HE","BUY",537.5,457.5,545,22.7326510605343,3234292185.12159,0.050019998,21.525563614768,4.94304744078871,0.321700505296527
"ALBLD.PA","HOLD",535.5,635,360,35.1943464245476,38811789.5086498,0.046729997,21.1811105880957,1.06788111207109,0.00300900021742256
"NDA.DE","BUY",531.5,702,291,10.7027572036671,1920325603.45713,0.05688,12.5081865632533,2.54739195751668,-0.0865135578163433
"COVH.PA","HOLD",529.5,812,180,6.09423024290534,903608020.760874,0.051701451862341,11.5111012979263,0,-0.259107709087925
"HDG.AS","HOLD",527.5,756.5,235,14.4010760314585,386652378.220413,0.03954,6.73547141833077,1.12852022529442,-0.163905567039128
"ALCLA.PA","HOLD",526,646,345,31.8024270042803,41632260.6654739,0.0292,4.9667721796276,2.1803121577218,-0.0188583287768921
"A1OS.DE","HOLD",521,700,284,23.884103367267,130039678,0.051599998,10.7777840792909,2.84010849267843,-0.0974289419768507
"CRG.IR","BUY",519.5,509,473,13.6736336245031,26717972394.1096,0.03898,10.3770539735398,5.30519092500233,0.188600519451812
"PON1V.HE","BUY",519.5,499,483,25.5021840724362,255898557.486134,0.08601,29.5962793656281,5.59360442504645,0.203233562646713
"SHL.DE","HOLD",518,428,553,29.9857139587402,9295917476.29427,0.05223,36.4112261881838,4.01385854412837,0.345848293243343
"ADX.MC","BUY",517,232,748,34.7142858164651,238854657.871054,0.032449998,22.6481255259612,9.12247868172868,2.93181824647198
"MRK.DE","HOLD",516,347.5,629,32.7003742086476,18154030483.9792,0.04875,31.7946111000606,5.93607739952271,0.572930161817184
"IG.MI","HOLD",514.5,489,487,10.4838705831958,2319723430.11305,0.0506820930915618,13.2430148368641,7.32262125181782,0.210903876516262
"SDG.PA","HOLD",511,821,152,17.7777777777778,228917056,0.050380003,4.32283599456066,0.695034443137612,-0.319841557121991
"ACOMO.AS","BUY",508,586.5,383,15.8093794391303,450537174.476732,0.07915,23.6774409889464,4.08808688813011,0.0348152515734201
"ADV.DE","BUY",506,504,465,37.1578944356818,229442747.520394,0.03032,11.5145892471351,3.04920165004367,0.16779857236365
"FSKRS.HE","HOLD",506,681,288,18.7954824871221,534041882.140575,0.041589998,9.06597717014137,2.39483208344946,-0.0884161466059
"BB.PA","HOLD",506,830,139,18.3498605004098,1103829387.92939,0.07742,12.2935475562533,0,-0.342376533942289
"HEN.DE","HOLD",503,696,272,19.3117801797994,21702081731.9285,0.05421,13.9744272631785,1.96459912792407,-0.114194589529983
"MIO.IR","HOLD",503,538,430,21.8867918230453,106725273.769017,0.06884,32.5450791353082,2.98120096076861,0.107809608999481
"PHIA.AS","HOLD",499,356,610,36.271747124521,39788015031.004,0.0431966242226829,30.1395736774194,4.90322580645161,0.501530584274606
"BEI.DE","HOLD",497.5,622,341,36.1285395720758,9280983672.76642,0.06526,40.4435749987002,0.90393233342542,-0.0206284604586364
"ALGIL.PA","HOLD",495,784.5,172,8.79928288066686,159018422.00819,0.07095,8.64914389882946,2.02735638811662,-0.277207446368209
"KOF.PA","BUY",493,510,444,25.1892625424096,532903810.182877,0.02722,10.4781561075129,2.53155446311158,0.129161134409226
"BOI.PA","BUY",491,860,93,18.0804540770097,216229479.520798,0.09059,3.79118534224341,0.0778802988872154,-0.419929165219803
"TEM1V.HE","HOLD",488,185.5,763,17.5999999046326,84283815.8632994,0.2682,1442.98918319928,109.383378016086,7.2465754375379
"CRI.PA","BUY",486,754.5,193,11.1817029107177,286261137.404543,0.05638,5.13181376871412,3.64410868729128,-0.242907006555293
"HEN3.DE","BUY",484.5,673,274,22.6059277618804,25403960036.1429,0.05421,16.2404835190679,1.96459912792407,-0.111295369785144
"DMP.DE","HOLD",483,241.5,705,38.4864858678869,1071943551.41048,0.07705,109.153625652532,18.9115928802582,1.20772683292644
"ROVIO.HE","HOLD",481.5,855,91,17.0080860991362,170696717.632085,0.11537,8.08499963881568,0.262637244229674,-0.421196636095346
"CATG.PA","HOLD",479.5,669,276,11.1850647183208,74219536.746774,0.07328,24.0691384051329,1.75504124656279,-0.108995790162648
"VAN.BR","BUY",479.5,831,114,24.1052627563477,135190445.447989,0.06362,7.08497532355479,0.409836065573771,-0.379701389140618
"LACR.PA","HOLD",478,536.5,408,14.0875596012137,31557825,0.03479,9.06220096496748,4.04913992028529,0.0752017275499461
"IPS.PA","HOLD",476,620,324,14.2857144831624,1055898762.19396,0.037,7.31992999760118,3.62773834534835,-0.0420101139723836
"OBEL.BR","HOLD",476,580,364,24.6885608573732,615263950.86747,0.03297,9.35742401268745,2.85029435418299,0.0106078412369439
"ALVDM.PA","HOLD",473,683,255,24.6822025816319,100704833.502502,0.03364,8.21822559059485,1.42781618544124,-0.137695906466695
"SOLTEQ.HE","HOLD",472,289.5,648,16.1849708226375,14347065.3556709,0.035,19.5411894472962,7.9355377820222,0.697368392158413
"THEP.PA","BUY",469.5,425,508,18.3908045977011,209626240,0.08073,59.6922003928343,4.81018529474407,0.254179961715031
"HNR1.DE","SELL",468,361,569,16.5586482465063,7829633888.57794,0.01212,10.417227400126,2.04386548729033,0.384024912957507
"KEMIRA.HE","HOLD",467,400,529,17.0263152373464,878801955.502319,0.044159997,18.7785140053364,6.57164591621664,0.285348520958296
"MONT.BR","HOLD",465,201,722,10.9336463269667,1280610961.0112,0.03264,30.6495867325467,7.39716034103839,1.55145054675862
"SOP.PA","HOLD",464,666,256,18.8077958384183,1945360896.49251,0.03862,8.52149780225042,2.51256890591333,-0.134071250042002
"COR.LS","HOLD",463,521,399,22.3076930412879,441148246.507301,0.05235,27.8803006842749,2.66736623582691,0.0621700914130814
"LR.PA","HOLD",462,448,470,27.9372368924608,18783603209,0.05647,23.6537639641229,5.77448859351321,0.179277699790858
"CIE.MC","HOLD",461,528,388,15.2242922470272,1049039052.72348,0.05254,13.8728276250329,5.43823489600225,0.0444289396441253
"NTH.MC","HOLD",460,863,48,10.4026842437335,21416589.5911467,0.17274,4.13462231919536,0.385503698579107,-0.506644790936649
"KER.PA","BUY",459,244,666,37.1523235461005,43466859989.3341,0.08161,157.128809696103,20.3832816242985,0.774660485394794
"NTG.PA","HOLD",458,866,42,7.42753605911697,28080194.1468449,0.11753,1.87188022415914,0.36361724721641,-0.523607598782641
"UPM.HE","HOLD",456.5,415,491,25.4765880546442,15819260644.2408,0.03908,33.8445857954583,2.52760107815658,0.225342047878664
"SAMS.PA","HOLD",456.5,524,382,14.8622047244094,88271580,0.02884,8.41197178574169,3.31741811561561,0.032260264090457
"FAGR.BR","HOLD",454.5,247,658,23.543990086741,1154552955,0.07114,71.4341960566628,17.5705876148895,0.731784236430328
"ALWIT.PA","HOLD",454.5,387,518,22.3194744185233,24241982.5466871,0.07774,50.5207576399395,6.1446293494705,0.26674781610325
"SBT.PA","HOLD",452,512,390,25.8571420397077,198070049.43831,0.05666,25.1850848175859,3.75458518175197,0.0446964211077308
"ACWN.DE","BUY",450,678.5,220,4.70124355474674,14835267,0.02475,2.9648715164716,1.00505862061557,-0.185195917308625
"WSU.DE","BUY",447.5,775,121,32.4294216388402,514082742.270859,0.073520005,13.7470257006308,1.13807975117521,-0.367097159037825
"SOW.DE","SELL",446,656,239,23.9856116205668,1633457333.61588,0.04552,13.9309282637725,1.93873824100492,-0.162877930485552
"VIV.PA","BUY",445,410.5,482,17.1521450980277,21088054492.1005,0.02716,15.2167410527797,3.13215238966304,0.202785976602403
"HOMI.BR","HOLD",443.5,291,601,13.3217993079585,NA,0.0868158499551762,47.212558427515,21.4958228687038,0.479982261018836
"BITTI.HE","SELL",442,487,402,29.0954771952413,144374401.7488,0.0495559157212318,27.5044036896365,3.03852414541508,0.0698138359932483
"CAP.PA","HOLD",441,388,500,28.0159087608833,17744924479.8758,0.05016,21.8873167027299,7.25609854537732,0.232581868708141
"EKT.MC","HOLD",439,254,633,21.6049382716049,1056062472.5,0.03155,19.3120444350375,10.0498352799318,0.597351270145591
"ASY.PA","BUY",439,581,306,28.7047845758106,149502025.118313,0.02316,6.50218796422182,1.70017889087657,-0.0663197052608903
"MMT.PA","HOLD",439,695,192,6.8000001173753,728959787.502628,0.082229994,16.3737794862036,3.33396764985728,-0.243637014379675
"ALFPC.PA","HOLD",437,711.5,175,11.1040044840422,67313402.3666382,0.0829,12.3586803744186,3.89150886220963,-0.272823854045855
"BZU.MI","HOLD",435.5,584,300,8.59030837004405,2095043164.5,0.047420003,12.5327742704512,4.05899476380536,-0.0731235649537413
"VIL.PA","BUY",435.5,408,476,7.20000006935813,112208626.620914,0.02806,8.05770466895278,6.7268794513321,0.195752427785641
"CAV1V.HE","HOLD",433,511,371,32.2777774598863,330416776.725852,0.02145,7.4604003137372,2.07565501055649,0.0176321454173625
"VAIAS.HE","HOLD",431,197,681,37.0523401966218,813318214.343491,0.091520004,940.563423492064,42.9206349206349,0.885511852753942
"SAN.PA","SELL",430,328,548,8.83971660656433,87773489352.2984,0.0248900085154698,16.7885822245756,3.8822613300109,0.334508052672827
"AI.PA","HOLD",429,253,621,28.1446540880503,62178022555.5,0.05139,49.8488004259584,10.1650706276622,0.545169861494422
"MUN.PA","HOLD",428,645,228,18.1944436497158,28668049.227787,0.02555,2.64717013934621,1.83589284303137,-0.179104480267527
"TIK1V.HE","HOLD",427,596.5,270,25.9895841280619,763524838.497623,0.0760557450790622,23.1531419569269,3.79819792126952,-0.115273976004168
"METSB.HE","HOLD",425,359,505,22.3316059211375,1534466367.6681,0.05291,40.099073651803,5.52442471892331,0.246641248498219
"NOKIA.HE","SELL",423.5,549,314,24.0534352892228,14987284160.5624,0.027,7.09809990614063,2.86313109259229,-0.0614176888698266
"ALMDG.PA","BUY",422,640.5,221,21.5381145692377,NA,0.10426,42.021007343803,1.72786502466765,-0.185185185185185
"OHB.DE","HOLD",421,539,321,30.2270935584347,186527892.026451,0.02394,7.1006718528039,2.12069606980992,-0.0467300267959624
"BRILL.AS","HOLD",419,770,88,15.4300162201185,20553607.5431061,0.047989998,7.56604650927402,1.34477086970824,-0.427973570698418
"A3M.MC","HOLD",417,801.5,56,8.34782641866933,256007342.972817,0.05584,5.37292616065623,1.82502643452447,-0.490667439752395
"METSA.HE","HOLD",416,357.5,499,22.3834205785564,1538026695.99569,0.05291,40.184315525216,5.52442471892331,0.231867916959299
"AGFB.BR","BUY",415,579,277,1.10200624339289,567619663.88011,0.0134000005,1.36390180685358,0.771028037383178,-0.108567059594217
"GFT.DE","BUY",413.5,463,392,31.5873004772045,NA,0.03196,11.6212618583561,4.19892570414279,0.0466445757979426
"NOKIA.PA","SELL",412,551,302,23.9770994841597,14939720625.9426,0.027,7.07407488515038,2.86313109259229,-0.070642122350161
"DPW.DE","BUY",410,380.5,471,20.1192250372578,39716244000,0.04008,19.3214963276142,5.79167410102211,0.181929912684757
"FME.DE","HOLD",408.5,590.5,260,15.1791669148102,13518350100.2919,0.04538,10.9395952367816,4.38172159719719,-0.131322828259127
"ACCB.BR","HOLD",408.5,336.5,514,7.21428596547672,NA,0.041789997,19.8788195721568,8.33064938777455,0.262626288282531
"LOUP.PA","HOLD",407,562.5,285,11.7119240788952,NA,0.04437,13.5236479361477,3.78600348895614,-0.0966690636583937
"PSG.MC","BUY",405,817,25,2.59637908813672,393709442.30971,0.0994,4.12577587472275,3.71115120689546,-0.594006047351368
"TKA.VI","HOLD",403.5,573.5,268,11.0471202856999,862464306.314928,0.05296,11.9780153362348,5.70844019787225,-0.123238930126599
"KBX.DE","BUY",398,255,580,34.3630770169772,5334389183.8567,0.07441,104.872129535635,14.03551785306,0.421088081588693
"ABIO.PA","BUY",398,129,706,30.0319488817891,1113749459,0.042659998,69.6218832457832,28.9286766825695,1.21573583183962
"EVS.BR","HOLD",395.5,753,79,12.092687011542,216793598.304214,0.078379996,15.5345314161288,1.67965945426369,-0.451379227106461
"KSC.DE","SELL",393,795,33,20.3225804913429,80702389.5491762,0.0857028377817924,9.87383369859482,2.06780972025267,-0.569407864303371
"OSP2.DE","HOLD",391,505,318,37.2311838211552,116848242.818344,0.03951,26.6630621619467,1.54745556200822,-0.0543886143091655
"BSGR.AS","BUY",391,759,64,20.3867406476268,187292078.304319,0.04696,6.15085869017898,2.15868003032899,-0.472883167246665
"WDP.BR","HOLD",389,108.5,714,13.5604607624193,4764950063.71202,0.03092,50.0839834043698,14.8122721570071,1.37449688703462
"TTK.DE","BUY",386,690.5,126,15.3823951622108,348109543.817139,0.03137,7.77077477652904,0.955105097795673,-0.361588494410168
"TYRES.HE","BUY",385,530,286,35.9800245877955,3057114063.04813,0.038110003,15.184637811723,2.84198340865616,-0.0950194419204413
"CTT.LS","HOLD",384,583,232,33.5714272090367,278478511.348816,0.01272,0.315030666460097,0.633529094575651,-0.175179451486101
"ENEL.MI","BUY",383,137,677,19.7047619592576,64271116768.6208,0.040549997,51.2336265976783,20.6285238129353,0.871626161878548
"DRI.DE","HOLD",381,795,14,10.4285717010498,883923101.455198,0.072069995,18.1979331917747,0,-0.703317658949388
"PHARM.AS","HOLD",377,406,394,23.9999991542888,792282363.16158,0.16052,49.4275024263078,8.16853809067638,0.0499117303629018
"BN.PA","HOLD",376,533,264,18.4109583292922,34401579610.7317,0.051659998,13.6564570254463,5.29342096635667,-0.128268497043946
"GCO.MC","HOLD",373,575,213,10.4705458399893,1187781768.10616,0.01742,6.89817069273075,0.542289956018674,-0.201266716021272
"TESB.BR","BUY",372,573.5,214,10.3519345357891,732642983.339645,0.05578,15.4219573026467,4.55880322209436,-0.199022882298588
"NEDSE.AS","BUY",370,650,136,28.999999165535,2304760.43368131,0.01556,3.59901694476782,0,-0.343478302840699
"SHUR.BR","HOLD",365.5,159,624,12.9326047358834,875286686.5,0.03033,38.4742876067368,7.02525464592702,0.550244061383995
"AMUN.PA","HOLD",362,363,416,14.977579159587,3955280952.69699,0.0395394802709212,12.1983783136312,14.7162490917573,0.0847442130202487
"AALB.AS","BUY",360.5,459.5,319,23.7061112382787,3465158312.98828,0.03637,18.4920347689162,3.30554232779037,-0.0532453699115988
"LIN.PA","BUY",360.5,590.5,188,11.0980389164943,78193265.7919884,0.05678,13.4108179446519,4.98490971405187,-0.248728737568865
"MAN.PA","HOLD",359,588.5,189,13.2967030172383,146182202.327599,0.05791,22.3913584012803,2.94949419806885,-0.247183607511393
"TTALO.HE","HOLD",357.5,327,450,32.9180326618132,685942526.153762,0.035469998,19.4768181138449,6.51714041924332,0.141361024186596
"RRTL.DE","HOLD",354.5,642.5,132,13.4256762427253,1464240192.10395,0.05914,16.7404880136791,2.97720959725324,-0.352966304137597
"STEAV.HE","HOLD",354.5,261.5,513,13.9229418726185,9781718752.11889,0.03078,22.9667393235146,6.6075490827714,0.261071006713317
"TWEKA.AS","HOLD",352,541,231,17.1020765205568,1445033815.95898,0.03844,12.8526397023826,3.2325591620716,-0.176949661874863
"OPN.PA","BUY",351,724.5,47,37.0802914139128,34813158.1971588,0.03428,5.0004597002997,1.34265734265734,-0.509712229205326
"ITE.PA","HOLD",350,518,253,25.3448280794867,4491979.04742622,0.01911,3.47575716985511,2.4715360896522,-0.142942134211116
"SK.PA","HOLD",348,392.5,376,27.4857037446966,4435022995,0.042859998,17.5817860116641,6.96337872858873,0.0255601003285619
"STERV.HE","HOLD",347,264,502,13.6996501381468,9624842643.15733,0.03078,22.6719819109589,6.6075490827714,0.242135439492581
"CENER.BR","HOLD",346,205.5,558,12.8730157065013,55723468.6592078,0.03801,25.1481309109303,15.7804869028491,0.358843580686189
"UTDI.DE","HOLD",343.5,653,107,16.2329091490692,3240971295.99686,0.04918,13.5890848481515,2.45682101807629,-0.390213296207684
"TFI.PA","HOLD",343.5,632,128,12.1362802073442,686067122.885513,0.03652,9.67894057588142,2.27757783596227,-0.357915928489378
"IBE.MC","BUY",342,65,694,21.5867155152493,67426330912.8075,0.02829,80.1554738890947,27.3145987712206,1.02419206776997
"VMX.PA","BUY",341,314.5,443,7.71978006258116,172300356.231421,0.03244,19.4805834296795,5.48319025553725,0.125735708201278
"LGT.MC","HOLD",337.5,572,182,23.7254909440583,90014576.9378376,0.04324,15.8617577063745,2.88208268267444,-0.256047025851797
"RAIVV.HE","HOLD",337.5,432,322,23.9849628362441,465075990.702276,0.05559,93.4850086956522,2.19565217391304,-0.0444849810650536
"AZM.MI","BUY",335,158,594,6.94683364259721,NA,0.03809,99,7.01186257078652,0.465370149875812
"NEWAY.AS","HOLD",334,623,127,23.5294117647059,96671216,0.019340001,2.82411332355482,0.906246860495489,-0.361200965584111
"ALM.MC","HOLD",332.5,188,561,28.812665108955,783458517.673731,0.03302,36.6993040443522,7.62520627702171,0.364129413046015
"UNI.MI","HOLD",332.5,312,437,3.68520271991582,2166120200.38977,0.01058,6.80198657344047,4.10923791364948,0.119234567935654
"JMT.LS","HOLD",329.5,418,328,25.357797605182,3184514544.17896,0.04711,21.9265270939872,5.60175635130007,-0.0372444300950147
"COMB.BR","HOLD",329.5,416,330,6.32644453816955,276175350,0.018380001,9.40408527056294,2.64573830618505,-0.0355312038799569
"FEV.DE","HOLD",327,475,269,13.2539085905142,NA,0.04599,22.0452320755475,3.91858866281449,-0.115493497209488
"VPK.AS","SELL",326,207.5,536,14.5531488417288,2611510063.79168,0.0895897073821291,141.425811830986,45.7975346478873,0.296289578571678
"ALNXT.PA","HOLD",324,491.5,251,12.1354162693024,20594319.4456558,0.02636,14.2955380681887,1.52077931831793,-0.148717924421511
"KRZ.IR","BUY",323,213.5,528,38.8779527559055,18269408307,0.05095,73.7606414410133,9.33503401256404,0.284062164623383
"FFARM.AS","HOLD",321,667,71,18.6062723086686,169643362.307476,0.041220002,10.3621622947238,2.19650905043452,-0.46135179166133
"KOJAMO.HE","HOLD",320,29,707,5.38690487543742,3354716895.80292,0.02099,67.4679321212121,29.7121212121212,1.22987258190534
"DTE.DE","HOLD",318,241.5,492,22.59063432584,60618115139.7526,0.03896,24.1896130965568,14.4962403053637,0.228574265670106
"GKS.DE","HOLD",316.5,521,209,31.2597686777118,92093000,0.07102,28.0469235122279,3.94952816481348,-0.209383134610029
"WAC.DE","BUY",316.5,630,100,29.2320538044772,432052356.707569,0.026870001,5.40328990944773,1.81922485349417,-0.412797748891794
"FNTN.DE","HOLD",315,598,131,11.7773970512495,1864628930.78668,0.03475,7.17649745419143,3.80312669879233,-0.354757355783803
"APAM.MC","HOLD",314,439.5,289,26.5139763399681,1611887072.7718,0.022149999,12.391177749728,1.94124047878128,-0.0879692532131361
"FORTUM.HE","HOLD",312.5,112,616,9.70443387336919,8260417544.20854,0.01328,21.0881830787879,7.80530269090909,0.533153132274956
"TES.PA","HOLD",312.5,550,178,13.336875664187,105673259,0.03612,8.17866002573112,4.54467219910769,-0.266572845370157
"FLUX.BR","BUY",311,215.5,512,28.2220131702728,210795240,0.0311,20.8782785357507,10.8563495747566,0.258199973879789
"ACG1V.HE","HOLD",308,50,673,23.1952667236328,5142706.90009117,0.011729999,39.5729959404601,7.99188092016238,0.860913419767884
"APAM.AS","HOLD",307,442.5,280,26.5062107062488,1611414969.89128,0.022149999,12.3876957040261,1.94124047878128,-0.103517136404387
"LOG.MC","HOLD",306,378,344,13.3389399972054,1043197202.87782,0.01615,13.710149865418,1.43746886930055,-0.0191686369434889
"ATRAV.HE","BUY",304.5,409,312,12.6769631679147,105417481.782597,0.02655,9.95793484698499,4.59914580432608,-0.0639560291824262
"JEN.BR","BUY",304.5,561,160,34.9710993684096,85816856.9054985,0.02083,6.12691957295542,1.59712642554531,-0.305356223268076
"NTGY.MC","BUY",303,227.5,493,18.4615375700805,9200610664.76727,0.03586,23.1843628320413,12.499354129199,0.229119379357707
"ENG.MC","SELL",302,384.5,335,10.7125820826404,3843698302.08691,0.040209997,14.7121757082892,8.00799125692478,-0.02580434798807
"IEP.BR","BUY",300,110,607,20.1098892714951,NA,0.02459,34.5867506473511,12.2365455945133,0.495016616032421
"KESKOA.HE","BUY",297.5,665,51,19.3050193050193,5356692600,0.051939998,12.209756824668,3.16089043160639,-0.495710632380335
"CPINV.BR","HOLD",297.5,80,636,22.2314046434134,NA,0.027449999,57.485120255809,21.2195271868184,0.617705724204465
"BAR.BR","HOLD",296,710,5,25.0985911194707,1250201692.44971,0.04501,15.3962151354775,0.5355656579364,-0.789186174756178
"BPOST.BR","BUY",295,657.5,57,10.3536582574612,840822180.102282,0.03902,6.05554726336524,3.80024838642529,-0.485709057669617
"POST.VI","HOLD",294,340.5,373,16.6957537887955,914125704.600437,0.03853,28.544726141136,4.52323580034423,0.0202101257327545
"KESKOB.HE","BUY",293,651,59,20.308881192594,5635240860.40993,0.051939998,12.6990497695385,3.16089043160639,-0.481465563824812
"AED.BR","HOLD",288,82,622,23.4662217836614,2701293520.6626,0.02813,58.0876148305108,23.1391345048154,0.549070928235437
"INTO.BR","HOLD",287,173,530,9.83856860255696,520020300.80603,0.025929999,21.2319329796146,8.96219345692007,0.285736262696299
"SBMO.AS","BUY",286,227.5,472,8.9660135831701,2186009182.3074,0.04784,33.120153894535,19.6970278044104,0.185790408195743
"CFN.LS","HOLD",284.5,615,83,8.57142837984221,6670635.69089967,0.040900003,5.76958915074688,5.20798058511752,-0.443207128131401
"ALMGI.PA","BUY",284.5,119,579,8.00738035532821,6039821.97235107,0.056479998,252.908598290598,108.06864957265,0.421052705878367
"PUB.PA","HOLD",283,486,207,15.4569580286436,8787615357.93245,0.03308,8.70295157564041,5.25889501896711,-0.212385976160179
"COL.MC","BUY",282,311,379,9.28819400292856,2955684744.57602,0.0661359254893269,31.7068824010196,17.0366861219236,0.0303537432704988
"CASH.MC","HOLD",281,671,18,13.5593222359479,315662458.303737,0.064109996,8.49770467262084,5.68402892376785,-0.656927553123931
"SCHP.PA","HOLD",280,123.5,565,32.9470192359773,68460535.8876572,0.022820001,21.9626813861991,19.0636883132235,0.376800955933946
"KSLAV.HE","BUY",279,182,506,12.8537731350593,58129174.7656403,0.022330001,18.0320118945502,7.92588780236747,0.248595556037332
"ALO.PA","HOLD",277.5,74,609,25.8944447835286,9514316154.06866,0.01993,51.4128703366337,8.43564356435644,0.49728538179743
"KPN.AS","BUY",274,318.5,358,16.0451612164897,9451216732.50961,0.04997,24.5186843110193,10.4577826996603,0.00127662802074324
"CEV.DE","HOLD",273,307,369,8.43148029434465,148173596.968369,0.04191,19.3161239724616,12.4006096054747,0.0166451175625733
"COFB.BR","HOLD",271.5,128,547,19.5474246592454,3117825394.31862,0.02611,31.1058139080031,11.3420693562822,0.326508243710276
"TNET.BR","BUY",266.5,446,226,9.86224397836792,1476487318.74753,0.06842,18.7367316719361,11.1031233672353,-0.180748210600268
"GBT.PA","BUY",266.5,637,35,15.635410982447,187059487.361107,0.03442,5.92993326487511,3.25665486289411,-0.564239212116443
"ASPO.HE","HOLD",265,429.5,242,29.3706280368191,122677147.628855,0.02578,9.0985459076948,4.34763864765787,-0.157555564560268
"TRN.MI","HOLD",262,69,598,16.2337662337662,8681804100,0.04107,246.111223474017,135.776049612403,0.472120412402518
"ANDR.VI","HOLD",260,423,243,17.044110751358,2540914441.44643,0.032309998,12.2253764803555,5.01038685186368,-0.15689617498672
"KGX.DE","HOLD",260,343,323,32.9749785273908,4991207985.78268,0.01943,12.1517068648657,3.52699309021307,-0.044360738580795
"RUI.PA","HOLD",260,523,143,13.247296666284,3585889062.88015,0.04065,11.9435348336617,4.36247903691597,-0.32968559874012
"SRG.MI","HOLD",256,99,557,14.2445815236945,9265404474.0526,0.03803,86.2188525751785,49.2274515702058,0.351905083104644
"DG.PA","HOLD",254.5,229,426,28.2010400729122,36574573453.9774,0.02459,16.4574990964027,7.54026399572455,0.100287613230405
"LAT1V.HE","HOLD",253,372,282,32.7391313469928,369982629.648824,0.03395,18.3522295695571,4.77604491578291,-0.0986378165805296
"CATR.PA","BUY",249,163.5,486,24.2871352785146,79419409172,0.04125,43.6814953736285,15.2475756634148,0.207357691684639
"CCEP.MC","HOLD",243,141,497,25.7309931605725,7913885138.25983,0.03581,44.6952248638844,13.1239903042729,0.231605688644079
"FII.PA","BUY",243,557,81,21.6899888251133,387155463.320566,0.03438,9.28695698807307,3.51616959363536,-0.448541559727195
"ATO.PA","HOLD",241,369,261,16.4858903834429,7073833128.20728,0.02949,11.8579841484919,6.18793518329466,-0.129505477123896
"CCEP.AS","HOLD",240,142,485,25.6335287608443,7883908756.87009,0.03581,44.5693884750225,13.1239903042729,0.206534379727667
"MLP.DE","HOLD",239,198,425,14.5161292886221,420298758.222743,0.011469999,99,0,0.0998622195690169
"IVX.DE","BUY",238,360,262,18.0543386340664,17169193.9179382,0.033970002,21.7233745559344,4.36243152202872,-0.128856625890023
"RAM.LS","HOLD",237,513.5,108,18.2509512955698,27854012.306819,0.027,7.94794116088987,3.35499448594493,-0.389231326315272
"CA.PA","HOLD",235,395,224,7.18014315914595,9193661184.40978,0.02812,9.66736369624619,6.12417724518838,-0.181053990790593
"ENO.MC","HOLD",233,418,199,7.45257452574526,400032776,0.0424191506301599,13.2617486457398,8.30523120713733,-0.224269328659067
"FATL.PA","SELL",232,600,12,6.8638575907851,22768953.0778236,0.05414,8.56584899743102,7.12904974477029,-0.713110940810717
"LEG.DE","BUY",231,27,583,9.15088207119869,9146952785.70502,0.02042,67.6293476429519,27.5460145788856,0.424183261213973
"MCM.MC","HOLD",228,578,29,11.2970071120712,251528534.482864,0.0970641665965419,27.246590841422,4.33734294051093,-0.579958984804307
"HEXA.PA","HOLD",228,473,134,17.1760660894873,124281083.352829,0.02535,7.93067697071357,3.81425296433466,-0.347711149111119
"WRT1V.HE","BUY",226,542.5,63,27.0764106927916,3132532590.12836,0.028499998,9.49150166723842,2.44253859348199,-0.475543260302985
"KCR.HE","BUY",225,354,250,20.2818891378756,1465769636.85096,0.03286,15.1431633291677,6.32691811047238,-0.149619590879708
"CBOT.PA","BUY",224,175,427,13.2246380266936,124297001.04764,0.02611,17.9543768814286,12.304099760395,0.104854873689256
"GL9.IR","BUY",221,420,179,20.1945527518306,2081595642.20988,0.0353,17.29063154296,4.16374269005848,-0.263260543218089
"CPX.DE","BUY",218,382,215,18.2857145581927,43904000.6542206,0.0571805248768497,89.3594470046083,3.61981566820277,-0.196484623633306
"FCC.MC","HOLD",218,151,446,17.3228350211316,662255410.353999,0.02858,23.918594270773,14.5329082165257,0.134762403758892
"SIE.DE","BUY",215.5,191,403,23.8522420627291,93917966363.9734,0.02076,18.2401216016301,6.4921517201104,0.0704694710073577
"IMDA.PA","SELL",215.5,8,586,4.5468510570614,123742860.794735,0.01343,104.07161783536,43.3576542788953,0.440298805059793
"LXS.DE","HOLD",212.5,287,303,6.48950453123081,5264324537.48978,0.03075,16.8820241577735,7.35128324127533,-0.0701176369566356
"US.MI","HOLD",212.5,14,576,7.53472248713175,961052255.149155,0.0113,62.8858024668228,20.4504291022639,0.408535385519286
"PSM.DE","HOLD",210.5,502.5,87,15.0987926612963,2290279375.17501,0.053990003,13.0337424372483,8.01279972649644,-0.43370029895639
"HO.PA","BUY",209,293.5,295,25.3040545695537,7438383265.93634,0.01857,11.840377637247,4.55135219155311,-0.0811782706253869
"AM1.HE","BUY",208,121,466,29.9500020345052,1083610750.75974,0.02497,30.8713548050042,11.8225657835059,0.169293324313684
"EBRO.MC","BUY",206,152,433,20.5646042715066,818660045.124035,0.0324073237918069,36.2423874283805,10.5358172044067,0.113909275860665
"NOS.LS","SELL",205,390,194,17.7515530438157,694092535.035573,0.036199998,13.0463566720853,7.07540042378248,-0.239434896577376
"REC.BR","HOLD",204,11,570,8.56914489770488,428562058.835225,0.01657,129.823300394245,49.4977199324151,0.384288812933087
"LNSX.DE","SELL",203,300,278,35.0917435567313,25487826.6177397,0.0162,7.47455919395466,5.86756661406331,-0.105717469336373
"ACS.MC","HOLD",202,245.5,331,12.1043243952431,6416137621.50038,0.02256,10.8028142275062,11.4208007871081,-0.0347845214019138
"GRF.MC","HOLD",201,213.5,362,23.9039030638304,13212574956.3002,0.04269,38.7250929318338,11.2802250091956,0.00678431931870205
"EN.PA","BUY",199.5,276,297,20.7332110449038,7634241430.02912,0.01909,12.2176733790289,5.0189923797907,-0.0796216909448775
"SIOE.BR","BUY",198,365.5,205,14.3786599749315,151136863.808784,0.04445,21.7418651465356,7.12425745281098,-0.218170770822934
"B4B3.DE","HOLD",197,445,124,8.20836591833486,1649864477.88333,0.013940001,3.84137679561213,2.78478680719785,-0.363752907278375
"SESG.PA","BUY",192.5,403,162,14.2361625094255,2624916159.78026,0.0223830970589124,8.21974201637427,4.44666670409357,-0.302009292471412
"FLY.PA","HOLD",189,16,541,6.66735457468481,137024477.963425,0.014249999,61.526980661626,24.7453113966712,0.30783357332318
"CAI.VI","HOLD",187.5,32,523,9.60477952863656,1931206390.1491,0.016449999,40.3261828040414,21.3454452764726,0.277286282639615
"KMR.IR","BUY",187.5,138,417,10.4516129339895,249650214.13483,0.03081,34.9305076168345,12.8332903003701,0.0866578259814752
"PIC.BR","BUY",185.5,410.5,142,18.561770597996,114017384.880409,0.03125,15.2294243069013,4.00474589677675,-0.336217525339349
"SOG.PA","HOLD",185.5,536.5,16,12.6491651330188,17165343.8177414,0.01563,2.17295438009902,1.53663514448956,-0.691295225005639
"IRES.IR","BUY",184,189,361,18.9367095126381,637433224.591047,0.023659999,18.5544652554119,8.06670764473354,0.00573580021008802
"RENE.LS","HOLD",183,101,448,14.4207317654679,905814860.192653,0.02484,30.9822558638564,20.0278318533484,0.136261911155836
"EXL1V.HE","HOLD",182,111,436,18.9717226592312,80348105.50595,0.0280837004405286,40.6648296912938,14.6361429066944,0.117241410884506
"ALMOU.PA","HOLD",180,122,422,9.42028970150172,NA,0.03333,39.8009355581931,26.8329260629756,0.0921985249567092
"PROX.BR","HOLD",179,351,191,12.3176284836418,2296030971.33207,0.03812,18.7372602959275,6.83612998305944,-0.244101700850527
"REE.MC","HOLD",175.5,126,411,12.6127816680679,7225981641.30349,0.051420003,196.25686128051,87.3313586779453,0.0779184191173778
"TOUP.PA","HOLD",175.5,329,208,28.812500834465,40840857.8628292,0.027379999,10.0898427397987,8.3398332072267,-0.211291651156202
"EDI.PA","HOLD",174,396.5,138,14.9914824373677,1713060.83712959,0.025239998,7.80462269756387,5.90968508615567,-0.343153314136745
"EG7.IR","HOLD",173,238.5,293,4.71401634192332,161461282.5,0.03098,18.1399741193386,11.4445927903872,-0.083891586645555
"C5H.IR","HOLD",171.5,470,60,22.2727277062156,570646674.826348,0.02615,9.44643243188018,3.50842358422133,-0.480059058648569
"COFA.PA","HOLD",171.5,117,413,8.46391756509997,704722356.184424,0.012359999,15.2017789341175,11.760282400195,0.0816138665616171
"PAR.PA","SELL",170,193,336,6.88595492829501,19148008,0.030669998,23.0673931075638,10.8081456064449,-0.0252251915058177
"MEO.VI","HOLD",169,449.5,78,7.30544559204776,1468379370.187,0.013940001,3.62369647239256,2.78478680719785,-0.451820794276819
"FGR.PA","HOLD",167,180.5,343,17.3599826302498,6713179801.91936,0.02698,17.8199722672989,13.8142584903506,-0.0198549791029921
"B4B.DE","HOLD",166,451.5,66,7.2580900546031,1458861005.65033,0.013940001,3.61227952118083,2.78478680719785,-0.468479937531226
"MF.PA","HOLD",165,338.5,176,27.0132368858914,2522387556.01178,0.02069,7.49824294392338,6.16850366045481,-0.268296574370485
"TITC.BR","HOLD",164,335,174,16.9230765038794,531042754.485666,0.03267,13.7763809378609,7.30529798202703,-0.276068388755548
"ALTR.LS","HOLD",163,85,423,30.7142848060245,319597268.669094,0.015620001,25.0829418500998,11.902004988801,0.0977623914292036
"SAVE.PA","HOLD",162,324,183,11.5157295568883,239532151.651276,0.02833,11.0155364157724,8.46923526097989,-0.255356089602246
"DWNI.DE","HOLD",160,9,496,13.01459595672,15014654828.4401,0.01635,224.023341653477,98.6814720644462,0.231170979019495
"GYC.DE","HOLD",158,68,432,9.63678118826329,2215576367.8642,0.018170001,29.2599442411541,17.7528149471331,0.113526378574439
"KWS.DE","HOLD",158,149,351,22.5537820957668,647790000,0.03467,40.3771007892799,11.8651363386538,-0.0135407013203024
"ALHRG.PA","HOLD",158,346,154,16.8910651049386,23082266.7190285,0.011770001,4.75697567247835,4.30270803315219,-0.314552787707419
"GBLB.BR","BUY",156,125,370,28.0584823675846,5945359788.22131,0.0226275145696534,27.4615992694064,10.6522542465753,0.0167549595476115
"ALDEL.PA","HOLD",155,380.5,112,24.50477001165,24602207.3239517,0.027579999,9.72242234521485,6.21793361625224,-0.384334286655202
"DMRE.DE","BUY",153,31,458,8.47744403925157,35868018.2902966,0.0253,88.6786213142592,59.4498710441002,0.161045061774203
"FRE.DE","HOLD",152,374,113,11.6394955867696,15399277197.5368,0.04197,16.6976133584106,8.26280421959435,-0.383150451891364
"WDI.DE","SELL",151,481.5,2,0.0798049754964287,37412835.9700184,0.06367,99,1.8675765737391,-0.994480595543281
"ORP.PA","BUY",149.5,64,418,37.2532050750806,6939776444.21786,0.017439999,29.5575349373099,18.1747115689591,0.0877760758167796
"SQI.PA","HOLD",149.5,412,70,31.4194589520565,46175698.5882874,0.02557,8.08518832720982,5.26271116382639,-0.462432629565586
"HAL.AS","HOLD",148,215.5,266,17.5280898876405,NA,0.01359,15.4241239509361,4.07230471271788,-0.124773918372118
"JUN3.DE","HOLD",146,144,337,26.4069253060037,1756806514.75754,0.0338477937998252,34.9937737524686,16.243379850812,-0.0247422183699921
"MVV1.DE","HOLD",146,30,451,17.8245611358107,70309357.9440594,0.0254,111.950395122548,59.236324055975,0.14152280478145
"RET.BR","HOLD",146,106,375,12.2945701007117,714689839.647713,0.03287,45.8520548603952,25.8527504262488,0.0253208001149039
"VIE.PA","HOLD",143,108.5,367,39.623762829469,10341507587.94,0.0152344035690777,17.0213736336592,13.9981583340416,0.0135545962930295
"A2A.MI","HOLD",142,150,325,11.3434781198916,1971749951.37488,0.03531,35.9559273213468,16.8796779322391,-0.0386211746450061
"SYZ.DE","BUY",140.5,424,49,38.7755089065656,38104943.3249226,0.01223,16.1785341654836,0,-0.500982139727508
"ASP.PA","BUY",139,396.5,76,17.6754395167033,16390518.633317,0.01888,5.12185603933431,4.74923175184681,-0.454696444011336
"T7O.IR","HOLD",137,364,104,14.5957444576507,450086080.365214,0.01887,8.49182170166727,4.16219904609075,-0.398485840647302
"ORA.PA","HOLD",134,238.5,227,9.599605725832,18614120821.6873,0.03358,19.2380269653867,13.7757818921183,-0.179731381043879
"OIZ.IR","HOLD",133,344.5,120,19.9999993847262,382681512.527305,0.0171,8.14790858111101,4.49838379688613,-0.369152567907987
"DOM.MC","HOLD",132,223,240,32.9824560566952,436247283.533516,0.01949,14.8128100071639,6.10294879821451,-0.160954144914223
"EVK.DE","HOLD",130.5,160.5,299,22.4957844057131,5080086325.18792,0.02922,29.4209284123378,8.80862958887013,-0.0778463666231108
"PIHLIS.HE","SELL",130.5,293.5,166,23.627204318491,120266046.667309,0.026770001,13.6108680760648,6.84176982837829,-0.292790943272782
"GLINT.LS","HOLD",126,402,53,9.79999999205272,2633920.86086403,0.02316,6.55541692114764,5.53074100040837,-0.491735520396888
"NVG.LS","HOLD",125,297.5,155,18.5037030114068,533475767.712556,0.027090002,15.0516905990649,6.37512375225183,-0.312795207783812
"HYDRA.AS","HOLD",124,66,384,29.8507462686567,11464470,0.02335,43.3519860296422,20.405677696682,0.0350208205308751
"TL5.MC","HOLD",122,413,31,8.80165336545834,579022639.109802,0.0945,38.5127989380169,8.19535820046389,-0.571092070066368
"MDM.PA","BUY",122,422,22,19.8275859539325,482895100.039135,0.02606,7.04430664716206,5.90353028744944,-0.620299288388093
"JEN.DE","BUY",120,130,311,29.7983402600633,1291337402.18225,0.03381,59.4458088130495,11.34233063537,-0.0647469891608512
"PORF.AS","BUY",118,34,404,11.166253101737,8317386,0.032980002,230.251389830508,144.745762711864,0.0725557201762459
"AKW.PA","HOLD",117,304.5,130,12.9159614317712,185446738.810816,0.052699998,36.1148121916257,8.95559315253883,-0.357156473269551
"IR5B.IR","HOLD",115,183.5,244,35.15625,NA,0.03093,30.9122490923957,7.71218315617334,-0.156647542292582
"ECONB.BR","BUY",114,389,38,9.33962228163233,312581875.155502,0.026099999,7.73881592624213,6.64787600992211,-0.545999276493527
"ECR.MC","BUY",113,180.5,246,7.38013688832113,198392605.291098,0.01181,14.9220180018808,4.79736688907796,-0.153841803199549
"TAALA.HE","HOLD",112,224,202,33.415637389132,92826141.6117353,0.04251,39.7841473546702,9.88504245591117,-0.220263011773409
"ETL.PA","BUY",109.5,314.5,109,7.21745925867641,1400749604.14269,0.034930002,14.1570312326313,10.3469243810612,-0.387720283828298
"ALBI.PA","HOLD",109.5,55.5,368,13.2450331125828,NA,0.02086,36.0053417721519,29.0697946554149,0.0146004517183924
"FPH.DE","HOLD",108,226,196,18.2857145581927,22041254.7284403,0.04518,26.2290804799532,27.2589991220369,-0.238354851255606
"SPI.VI","HOLD",107,12.5,409,15.6169420667336,675813902.718506,0.01482,76.4376964871264,44.5608041888571,0.0756933116680922
"AT1.DE","HOLD",106,88,333,9.87096755735336,7122076126.94076,0.02224,31.2054481244881,18.7202295823096,-0.0300673454927836
"BMW.DE","BUY",103.5,76,339,9.67193403279775,31161855273.2963,0.01349,21.6275970602614,17.2800412758865,-0.0228541012369596
"LNA.PA","HOLD",98,169,241,37.7973906369916,239239213.25,0.022330001,16.0049226008758,11.2241435537567,-0.158475058593762
"KORI.PA","HOLD",93,48,348,37.6682694141681,1801474324.311,0.01858,33.6800488025133,26.5999812315697,-0.0178238114113782
"BON.PA","HOLD",92,350,41,12.3809519268218,258094502.53315,0.03147,13.0149978350538,6.90672466409152,-0.531065508694856
"SAMPO.HE","HOLD",91,2,387,15.9602953346372,14667472168.719,0.0134000005,386.69240013079,120.959132250681,0.0439003045591317
"ALUMS.PA","HOLD",90,347.5,36,22.8717950674204,45958953.473093,0.05152,24.7708269959918,9.06987325316867,-0.559272693621998
"BLC.PA","BUY",89,132,249,32.2355931132862,168562430.15316,0.04671,85.8779644468029,40.6325285221544,-0.151024879910805
"ILD.PA","HOLD",85,94.5,275,5.23447736512162,3563168593.27451,0.01449,22.4591923209004,10.5219741112871,-0.109421054026718
"GFC.PA","BUY",83.5,62,304,8.87873483667893,9279930361.62881,0.0153,29.1588611960397,13.552328182241,-0.0681551864469707
"ALPRO.PA","BUY",83.5,299,67,5.99593505626772,NA,0.03155,12.3444055515683,11.7323676650459,-0.468437063966529
"VCT.PA","HOLD",82,267.5,95,11.9395198033094,627103739.743103,0.024389999,13.3556632280711,7.39198635381952,-0.416820132057318
"MTU.PA","HOLD",81,168,187,18.5703182739163,246546325.464855,0.03758,42.1493279580946,11.0379260740198,-0.249779386289476
"BMW3.DE","BUY",80,83.5,271,7.3915373276566,23814680256.3514,0.01349,19.8995911644279,17.2800412758865,-0.114871861070241
"LPE.PA","HOLD",79,37,316,22.0005866823115,170517300,0.02306,64.5386093959732,31.7890093959732,-0.0554679286212785
"SEM.LS","HOLD",74,252,82,8.50661625708885,187102791,0.022969998,11.6861774723889,10.0635773308366,-0.445960379310739
"HHFA.DE","HOLD",73,70,258,23.7018001723106,424750125.541574,0.030580001,72.476516699453,33.6173918229803,-0.13224009516494
"MRN.PA","HOLD",72,154,173,12.890625,416506167,0.041079998,42.96414208,20.416,-0.277177244268215
"VOC.MC","HOLD",71,270,54,17.7307690565403,56819822.3736678,0.02404,16.1030096616796,5.82175978285456,-0.491709733114953
"BRE.MI","HOLD",68,43,273,27.621483863772,1597186583.40733,0.03604,414.275998939032,107.007993533149,-0.111428899775143
"BOL.PA","BUY",66,123.5,190,37.5777774386936,2998061094.72691,0.013830001,20.5768789075125,7.27182021509396,-0.244257258516697
"CGR.PA","HOLD",65,15,298,11.4185633884837,92350155.877449,0.01835,91.2231368134925,56.8509984219792,-0.0781024743015601
"ONTEX.BR","HOLD",64,278,34,12.7167630057803,585131283,0.035269998,16.8056432859552,12.3064324933751,-0.568296383042295
"ALEO2.PA","HOLD",63,217,92,10.510638419618,NA,0.01578,8.64399774520857,8.96674182638106,-0.420512837128448
"STF.PA","BUY",62,83.5,225,11.9697472955866,221831218.899109,0.029649999,52.8388933861086,29.0337066167155,-0.180898003590274
"DESA.MC","HOLD",61,25,281,21.3776722090261,3265389,0.01897,57.2751214641062,32.4383495719932,-0.1
"ALBKK.PA","HOLD",59,94.5,198,24.8837204866631,9181648.4363308,0.014359999,21.6818085790136,11.0575194448326,-0.235714299338205
"SON.LS","BUY",58,127,164,23.6249991825649,521578229.227169,0.01716,16.6945781757475,12.5751097844505,-0.29825287590463
"RIN.PA","HOLD",55,147,137,17.0647280155973,252433251.093483,0.020920001,18.3602303097629,10.5900445887631,-0.343211525602202
"MERY.PA","HOLD",51,236,37,7.76344063461468,515376313.88351,0.028110001,16.1437547892036,11.3798205364176,-0.546179856162576
"REN.MC","HOLD",49.5,102,167,3.86792443833261,43549206.7870302,0.018070001,22.5100426828062,13.671156470658,-0.291464762555698
"COV.PA","HOLD",47,7,259,11.5602943347838,4801546036.76605,0.01951,534.622187937966,298.196372194965,-0.131605700640451
"ISUR.MC","HOLD",41,41,212,6.3141523215856,70770638.5225792,0.01986,41.3760916655299,30.1323148274451,-0.201562076989803
"DAM.DE","BUY",34,89,151,29.8053527980535,NA,0.0374,214.920060259114,30.3260018077734,-0.320351867798261
"NXI.PA","HOLD",32,26,210,19.7219127277379,1509489431.7271,0.01979,57.6985802047782,42.4997064846416,-0.208062883515317
"HOME.MC","BUY",29,157,69,13.4567896525065,577822604.777813,0.0376,39.5156858416541,14.4040674659359,-0.463934380950694
"TIT.MI","HOLD",28,139,85,6.3966103529526,5809422981.89997,0.02375,18.58725575179,16.0545939856802,-0.440516125951677
"IIA.VI","HOLD",27,19.5,204,32.262356109039,1659797195.79076,0.02088,115.818942608184,75.7690227592334,-0.219635415346506
"JCQ.PA","HOLD",21,136,44,13.3911364340369,169959534.835653,0.0206942719570483,16.4721067494552,16.3885489119078,-0.516012289491078
"LDO.MI","HOLD",20,49,118,6.89614918017749,5916368534.16768,0.037320003,326.252726044444,143.888884622222,-0.375103865746735
"ALLAN.PA","HOLD",18,1,140,17.4267097870768,21634393.814352,0.010240001,565.052848632219,451.982965754813,-0.338779760986236
"IPR.LS","BUY",15,78,26,5.10714309556144,9925996.54337883,0.026099999,39.6263833260393,35.2193417484449,-0.590643282242975
"FNG.BR","HOLD",12,91,3,3.04347826086957,32984917,0.0138195860112923,16.8124517241379,21.2268862068966,-0.865384615384615
"GLJ.DE","SELL",5,10,45,20.7927154230446,1068110008.92326,0.013250001,64.3977782783588,52.9157089989656,-0.515347814807171
